lemma,plural,stem_final,opportunity,ur,predicted_sr,attested_sr,category,cluster
drăgaică,drăgaice,c,e,drəɡajKe,drəɡajt͡ʃe,drəɡait͡ʃe,IPA_SEGMENT_MISMATCH,
abilitate,abilități,t,i,abilitaTi,abilitat͡sj,abilitət͡si,IPA_SEGMENT_MISMATCH,
abnormitate,abnormități,t,i,abnormitaTi,abnormitat͡sj,abnormitət͡si,IPA_SEGMENT_MISMATCH,
abrudeancă,abrudence,c,e,abrudeanKe,abrudeant͡ʃe,abrudent͡ʃe,IPA_SEGMENT_MISMATCH,
absolventă,absolvente,t,e,apsolvente,apsolvente,absolvente,IPA_SEGMENT_MISMATCH,
accent,accente,t,e,aksənte,aksənte,akt͡ʃente,IPA_SEGMENT_MISMATCH,
acetat,acetați,t,i,əsətaTi,əsətat͡sj,at͡ʃetat͡si,IPA_SEGMENT_MISMATCH,
aclamat,aclamaturi,t,uri,əkləmaturi,əkləmaturj,aklamaturi,IPA_SEGMENT_MISMATCH,
acoperemânt,acopereminte,t,e,akoperemɨnte,akoperemɨnte,akopereminte,IPA_SEGMENT_MISMATCH,
acoperământ,acoperăminte,t,e,akoperəmɨnte,akoperəmɨnte,akoperəminte,IPA_SEGMENT_MISMATCH,
acostament,acostamente,t,e,əkustəmene,əkustəmene,akostamente,IPA_SEGMENT_MISMATCH,
acostat,acostaturi,t,uri,əkustaturi,əkustaturj,akostaturi,IPA_SEGMENT_MISMATCH,
acrescământ,acrescăminte,t,e,akreskəmɨnte,akreskəmɨnte,akreskəminte,IPA_SEGMENT_MISMATCH,
activitate,activități,t,i,aktivitaTi,aktivitat͡sj,aktivitət͡si,IPA_SEGMENT_MISMATCH,
actualitate,actualități,t,i,aktualitaTi,aktualitat͡sj,aktualitət͡si,IPA_SEGMENT_MISMATCH,
adevărătate,adevărătăți,t,i,adevərətaTi,adevərətat͡sj,adevərətət͡si,IPA_SEGMENT_MISMATCH,
adiutant,adiutanți,t,i,adjutanTi,adjutant͡sj,adiutant͡si,IPA_SEGMENT_MISMATCH,
advocat,advocați,t,i,ədbukaTi,ədbukat͡sj,advokat͡si,IPA_SEGMENT_MISMATCH,
adău,adăuri,d,uri,adəuuri,adəuurj,adəuri,IPA_SEGMENT_MISMATCH,
afectuozitate,afectuozitatăți,t,i,afektuozitaTi,afektuozitat͡sj,afektuozitatət͡si,IPA_SEGMENT_MISMATCH,
afemeiat,afemeiați,t,i,afemejaTi,afemejat͡sj,afemeiat͡si,IPA_SEGMENT_MISMATCH,
afinitate,afinități,t,i,afinitaTi,afinitat͡sj,afinitət͡si,IPA_SEGMENT_MISMATCH,
afluent,afluenți,t,i,əflueni,əfluenj,afluent͡si,UNKNOWN,
aghios,aghioase,s,e,aɡiose,aɡiose,aɡioase,IPA_SEGMENT_MISMATCH,
aisberg,aisberguri,g,uri,ajsberɡuri,ajsberɡurj,aisberɡuri,IPA_SEGMENT_MISMATCH,
aisfild,aisfilduri,d,uri,ajsfilduri,ajsfildurj,aisfilduri,IPA_SEGMENT_MISMATCH,
aiurită,aiurite,t,e,ajurite,ajurite,aiurite,IPA_SEGMENT_MISMATCH,
ajustabilitate,ajustabilitatăți,t,i,aʒustabilitaTi,aʒustabilitat͡sj,aʒustabilitatət͡si,IPA_SEGMENT_MISMATCH,
albaiuliancă,albaiulience,c,e,albajulianKe,albajuliant͡ʃe,albaiulient͡ʃe,IPA_SEGMENT_MISMATCH,
albanezoaică,albanezoaice,c,e,albanezoajKe,albanezoajt͡ʃe,albanezoait͡ʃe,IPA_SEGMENT_MISMATCH,
aleurit,aleurite,t,e,alewrite,alewrite,aleurite,IPA_SEGMENT_MISMATCH,
alexăndrineancă,alexăndrinence,c,e,aleksəndrineanKe,aleksəndrineant͡ʃe,aleksəndrinent͡ʃe,IPA_SEGMENT_MISMATCH,
algeriancă,algerience,c,e,ald͡ʒerianKe,ald͡ʒeriant͡ʃe,ald͡ʒerient͡ʃe,IPA_SEGMENT_MISMATCH,
alineat,alineate,t,e,əlineate,əlineate,alineate,IPA_SEGMENT_MISMATCH,
alivancă,alivenci,c,i,alivanKi,alivant͡ʃj,alivent͡ʃi,IPA_SEGMENT_MISMATCH,
allemandă,allemande,d,e,alemande,alemande,allemande,IPA_SEGMENT_MISMATCH,
alpenștoc,alpenștocuri,c,uri,alpenʃtokuri,alpenʃtokurj,alpenʃtokuri,UNKNOWN,
alteritate,alterități,t,i,alteritaTi,alteritat͡sj,alteritət͡si,IPA_SEGMENT_MISMATCH,
aluminat,aluminați,t,i,əluminaTi,əluminat͡sj,aluminat͡si,IPA_SEGMENT_MISMATCH,
alunică,alunele,c,e,aluniKe,alunit͡ʃe,alunele,ICA_SUPPLETION,
alunăreasă,alunărese,s,e,alunərease,alunərease,alunərese,IPA_SEGMENT_MISMATCH,
amant,amanți,t,i,əmani,əmanj,amant͡si,UNKNOWN,
ambiguitate,ambiguități,t,i,ambiɡuitaTi,ambiɡuitat͡sj,ambiɡuitət͡si,IPA_SEGMENT_MISMATCH,
amenitate,amenități,t,i,amenitaTi,amenitat͡sj,amenitət͡si,IPA_SEGMENT_MISMATCH,
amerindiancă,amerindience,c,e,amerindianKe,amerindiant͡ʃe,amerindient͡ʃe,IPA_SEGMENT_MISMATCH,
amiant,amiante,t,e,əmiane,əmiane,amiante,IPA_SEGMENT_MISMATCH,
amiaz,amieze,z,e,amiaze,amiaze,amieze,IPA_SEGMENT_MISMATCH,
amiază,amiezi,z,i,amjazi,amjazj,amiezi,IPA_SEGMENT_MISMATCH,
amiez,amieze,z,e,amjeze,amjeze,amieze,IPA_SEGMENT_MISMATCH,
amiralitate,amiralități,t,i,amiralitaTi,amiralitat͡sj,amiralitət͡si,IPA_SEGMENT_MISMATCH,
amnios,amniosuri,s,uri,amnjosuri,amnjosurj,amniosuri,IPA_SEGMENT_MISMATCH,
amplificat,amplificaturi,t,uri,əmplifikaturi,əmplifikaturj,amplifikaturi,IPA_SEGMENT_MISMATCH,
amploaiat,amploaiați,t,i,amploajaTi,amploajat͡sj,amploaiat͡si,IPA_SEGMENT_MISMATCH,
amploiat,amploiați,t,i,amplojaTi,amplojat͡sj,amploiat͡si,IPA_SEGMENT_MISMATCH,
amploiată,amploiate,t,e,amplojate,amplojate,amploiate,IPA_SEGMENT_MISMATCH,
ampolozitate,ampolozități,t,i,ampolozitaTi,ampolozitat͡sj,ampolozitət͡si,IPA_SEGMENT_MISMATCH,
anacard,anacarde,d,e,ənəkarde,ənəkarde,anakarde,IPA_SEGMENT_MISMATCH,
ancheta,anchetez,t,e,anketae,anketae,anketez,IPA_SEGMENT_MISMATCH,
animozitate,animozități,t,i,animozitaTi,animozitat͡sj,animozitət͡si,IPA_SEGMENT_MISMATCH,
antegardă,antegărzi,d,i,anteɡarDi,anteɡarzj,anteɡərzi,IPA_SEGMENT_MISMATCH,
anteproiect,anteproiecte,t,e,anteprojeKTe,anteprojekte,anteproiekte,IPA_SEGMENT_MISMATCH,ct(ă)+e
anticăreasă,anticărese,s,e,antikərease,antikərease,antikərese,IPA_SEGMENT_MISMATCH,
antipiesă,antipiese,s,e,antipjese,antipjese,antipiese,IPA_SEGMENT_MISMATCH,
antricot,antricoate,t,e,antrikote,antrikote,antrikoate,IPA_SEGMENT_MISMATCH,
anuitate,anuități,t,i,anuitaTi,anuitat͡sj,anuitət͡si,IPA_SEGMENT_MISMATCH,
anxietate,anxietăți,t,i,anksietaTi,anksietat͡sj,anksietət͡si,IPA_SEGMENT_MISMATCH,
apetit,apetituri,t,uri,əpətituri,əpətiturj,apetituri,IPA_SEGMENT_MISMATCH,
apostat,apostați,t,i,əpustaTi,əpustat͡sj,apostat͡si,IPA_SEGMENT_MISMATCH,
apostolicitate,apostolicități,t,i,apostolit͡ʃitaTi,apostolit͡ʃitat͡sj,apostolit͡ʃitət͡si,IPA_SEGMENT_MISMATCH,
apărământ,apărăminte,t,e,apərəmɨnte,apərəmɨnte,apərəminte,IPA_SEGMENT_MISMATCH,
arbitraritate,arbitraritatăți,t,i,arbitraritaTi,arbitraritat͡sj,arbitraritatət͡si,IPA_SEGMENT_MISMATCH,
arbuz,arbuji,z,i,arbuzi,arbuzj,arbuʒi,UNKNOWN,
ardeleancă,ardelence,c,e,ardeleanKe,ardeleant͡ʃe,ardelent͡ʃe,IPA_SEGMENT_MISMATCH,
arendășoaică,arendășoaice,c,e,arendəʃoajKe,arendəʃoajt͡ʃe,arendəʃoait͡ʃe,IPA_SEGMENT_MISMATCH,
argentiniancă,argentinience,c,e,ard͡ʒentinianKe,ard͡ʒentiniant͡ʃe,ard͡ʒentinient͡ʃe,IPA_SEGMENT_MISMATCH,
argintăreasă,argintărese,s,e,ard͡ʒintərease,ard͡ʒintərease,ard͡ʒintərese,IPA_SEGMENT_MISMATCH,
argințică,argințele,c,e,,,ard͡ʒint͡sele,ICA_SUPPLETION,
arhondăreasă,arhondărese,s,e,arhondərease,arhondərease,arhondərese,IPA_SEGMENT_MISMATCH,
ariergardă,ariergărzi,d,i,arierɡarDi,arierɡarzj,arierɡərzi,IPA_SEGMENT_MISMATCH,
artificialitate,artificialități,t,i,artifit͡ʃialitaTi,artifit͡ʃialitat͡sj,artifit͡ʃialitət͡si,IPA_SEGMENT_MISMATCH,
arăboaică,arăboaice,c,e,arəboajKe,arəboajt͡ʃe,arəboait͡ʃe,IPA_SEGMENT_MISMATCH,
arădeancă,arădence,c,e,arədeanKe,arədeant͡ʃe,arədent͡ʃe,IPA_SEGMENT_MISMATCH,
arămeasă,arămese,s,e,arəmease,arəmease,arəmese,IPA_SEGMENT_MISMATCH,
arăpoaică,arăpoaice,c,e,arəpoajKe,arəpoajt͡ʃe,arəpoait͡ʃe,IPA_SEGMENT_MISMATCH,
ascendent,ascendenți,t,i,əsəndeni,əsəndenj,ast͡ʃendent͡si,UNKNOWN,
ascultământ,ascultăminte,t,e,askultəmɨnte,askultəmɨnte,askultəminte,IPA_SEGMENT_MISMATCH,
asperitate,asperități,t,i,asperitaTi,asperitat͡sj,asperitət͡si,IPA_SEGMENT_MISMATCH,
atacabilitate,atacabilitatăți,t,i,atakabilitaTi,atakabilitat͡sj,atakabilitatət͡si,IPA_SEGMENT_MISMATCH,
atlant,atlanți,t,i,əllani,əllanj,atlant͡si,UNKNOWN,
atomicitate,atomicitatăți,t,i,atomit͡ʃitaTi,atomit͡ʃitat͡sj,atomit͡ʃitatət͡si,IPA_SEGMENT_MISMATCH,
atonalitate,atonalități,t,i,atonalitaTi,atonalitat͡sj,atonalitət͡si,IPA_SEGMENT_MISMATCH,
atractivitate,atractivitatăți,t,i,atraktivitaTi,atraktivitat͡sj,atraktivitatət͡si,IPA_SEGMENT_MISMATCH,
atracțiozitate,atracțiozitatăți,t,i,atrakt͡siozitaTi,atrakt͡siozitat͡sj,atrakt͡siozitatət͡si,IPA_SEGMENT_MISMATCH,
atrocitate,atrocități,t,i,atrot͡ʃitaTi,atrot͡ʃitat͡sj,atrot͡ʃitət͡si,IPA_SEGMENT_MISMATCH,
augit,augite,t,e,awɡite,awɡite,aud͡ʒite,IPA_SEGMENT_MISMATCH,
aurăreasă,aurărese,s,e,aurərease,aurərease,aurərese,IPA_SEGMENT_MISMATCH,
auscultat,auscultaturi,t,uri,əwskultaturi,əwskultaturj,auskultaturi,IPA_SEGMENT_MISMATCH,
australiancă,australience,c,e,australianKe,australiant͡ʃe,australient͡ʃe,IPA_SEGMENT_MISMATCH,
autofertilitate,autofertilitatăți,t,i,autofertilitaTi,autofertilitat͡sj,autofertilitatət͡si,IPA_SEGMENT_MISMATCH,
autoritate,autorități,t,i,autoritaTi,autoritat͡sj,autoritət͡si,IPA_SEGMENT_MISMATCH,
autosterilitate,autosterilitatăți,t,i,autosterilitaTi,autosterilitat͡sj,autosterilitatət͡si,IPA_SEGMENT_MISMATCH,
autostradă,autostrăzi,d,i,autostraDi,autostrazj,autostrəzi,IPA_SEGMENT_MISMATCH,
avangardă,avangărzi,d,i,avanɡarDi,avanɡarzj,avanɡərzi,IPA_SEGMENT_MISMATCH,
avantgardă,avantgărzi,d,i,avantɡarDi,avantɡarzj,avantɡərzi,IPA_SEGMENT_MISMATCH,
avers,averser,s,e,averse,averse,averser,IPA_SEGMENT_MISMATCH,
avocăteasă,avocătese,s,e,avokətease,avokətease,avokətese,IPA_SEGMENT_MISMATCH,
avrămească,avrămești,s,i,avrəmeaSKi,avrəmeaʃtj,avrəmeʃti,IPA_SEGMENT_MISMATCH,sc(ă)+i
așezământ,așezăminte,t,e,aʃezəmɨnte,aʃezəmɨnte,aʃezəminte,IPA_SEGMENT_MISMATCH,
așternut,așternuturi,t,uri,aʃternuturi,aʃternuturj,aʃternuturi,UNKNOWN,
babaros,babaroase,s,e,babarose,babarose,babaroase,IPA_SEGMENT_MISMATCH,
babete,babeți,t,i,babet͡ʃii,babet͡ʃii,babet͡si,UNKNOWN,
babiloneancă,babilonience,c,i,babiloneanKi,babiloneant͡ʃj,babilonient͡ʃe,IPA_SEGMENT_MISMATCH,
babușcă,babuște,c,e,babuʃKe,babuʃte,babuʃte,UNKNOWN,
baică,baici,c,i,bajKi,bajt͡ʃj,bait͡ʃi,IPA_SEGMENT_MISMATCH,
baionetă,baionete,t,e,bajonete,bajonete,baionete,IPA_SEGMENT_MISMATCH,
balalaică,balalaici,c,i,balalajKi,balalajt͡ʃj,balalait͡ʃi,IPA_SEGMENT_MISMATCH,
balot,baloturi,t,uri,balotbaloturi,balotbaloturj,baloturi,IPA_SEGMENT_MISMATCH,
baltă,bălți,t,i,balTi,balt͡sj,bəlt͡si,IPA_SEGMENT_MISMATCH,
banalitate,banalități,t,i,banalitaTi,banalitat͡sj,banalitət͡si,IPA_SEGMENT_MISMATCH,
barabușcă,barabuște,c,e,barabuʃKe,barabuʃte,barabuʃte,UNKNOWN,
baracă,barăci,c,i,baraKi,barat͡ʃj,barət͡ʃi,IPA_SEGMENT_MISMATCH,
baratcă,baratci,c,i,baraTKi,barat͡st͡ʃj,baratt͡ʃi,IPA_SEGMENT_MISMATCH,
barcă,bărci,c,i,barKi,bart͡ʃj,bərt͡ʃi,IPA_SEGMENT_MISMATCH,
bardă,bărzi,d,i,barDi,barzj,bərzi,IPA_SEGMENT_MISMATCH,
bariz,barizuri,z,uri,ənuri,ənurj,barizuri,IPA_SEGMENT_MISMATCH,
baroneasă,baronese,s,e,baronease,baronease,baronese,IPA_SEGMENT_MISMATCH,
barză,berze,z,e,barze,barze,berze,IPA_SEGMENT_MISMATCH,
basarabeancă,basarabence,c,e,basarabeanKe,basarabeant͡ʃe,basarabent͡ʃe,IPA_SEGMENT_MISMATCH,
bastiment,bastimente,t,e,bəstimene,bəstimene,bastimente,IPA_SEGMENT_MISMATCH,
batardou,batardouri,d,uri,batardowuri,batardowurj,batardouri,IPA_SEGMENT_MISMATCH,
bată,bete,t,e,bate,bate,bete,IPA_SEGMENT_MISMATCH,
bavețică,bavețele,c,e,,,bavet͡sele,ICA_SUPPLETION,
bașcă,băști,c,i,baʃKi,baʃtj,bəʃti,SHCA_CLUSTER_DATA,
baștă,baște,t,e,baʃte,baʃte,baʃte,UNKNOWN,
beatnic,beatnici,c,i,bitniKi,bitnit͡ʃj,beatnit͡ʃi,IPA_SEGMENT_MISMATCH,
belgiancă,belgience,c,e,beld͡ʒianKe,beld͡ʒiant͡ʃe,beld͡ʒient͡ʃe,IPA_SEGMENT_MISMATCH,
belgrădeancă,belgrădence,c,e,belɡrədeanKe,belɡrədeant͡ʃe,belɡrədent͡ʃe,IPA_SEGMENT_MISMATCH,
berăreasă,berărese,s,e,berərease,berərease,berərese,IPA_SEGMENT_MISMATCH,
bestialitate,bestialități,t,i,bestialitaTi,bestialitat͡sj,bestialitət͡si,IPA_SEGMENT_MISMATCH,
beteagă,betege,g,e,beteaGe,betead͡ʒe,beted͡ʒe,IPA_SEGMENT_MISMATCH,
beșleagă,beșlegi,g,i,beʃleaGi,beʃlead͡ʒj,beʃled͡ʒi,IPA_SEGMENT_MISMATCH,
bibiloaică,bibiloaice,c,e,bibiloajKe,bibiloajt͡ʃe,bibiloait͡ʃe,IPA_SEGMENT_MISMATCH,
biciușcă,biciuști,c,i,,,bit͡ʃiuʃti,SHCA_CLUSTER_DATA,
biconcavitate,biconcavitatăți,t,i,bikonkavitaTi,bikonkavitat͡sj,bikonkavitatət͡si,IPA_SEGMENT_MISMATCH,
biconvexitate,biconvexitatăți,t,i,bikonveksitaTi,bikonveksitat͡sj,bikonveksitatət͡si,IPA_SEGMENT_MISMATCH,
bidinăreasă,bidinărese,s,e,bidinərease,bidinərease,bidinərese,IPA_SEGMENT_MISMATCH,
bieletă,bielete,t,e,bijelete,bijelete,bielete,IPA_SEGMENT_MISMATCH,
bielorus,bieloruși,s,i,bjeloruSi,bjeloruʃj,bieloruʃi,IPA_SEGMENT_MISMATCH,
bielorusă,bieloruse,s,e,bjeloruse,bjeloruse,bieloruse,IPA_SEGMENT_MISMATCH,
bielșug,bielșuguri,g,uri,bjelʃuɡuri,bjelʃuɡurj,bielʃuɡuri,IPA_SEGMENT_MISMATCH,
bihoreancă,bihorence,c,e,bihoreanKe,bihoreant͡ʃe,bihorent͡ʃe,IPA_SEGMENT_MISMATCH,
biliard,biliarde,d,e,biljarde,biljarde,biliarde,IPA_SEGMENT_MISMATCH,
birtășoaică,birtășoaice,c,e,birtəʃoajKe,birtəʃoajt͡ʃe,birtəʃoait͡ʃe,IPA_SEGMENT_MISMATCH,
bitonalitate,bitonalitatăți,t,i,bitonalitaTi,bitonalitat͡sj,bitonalitatət͡si,IPA_SEGMENT_MISMATCH,
biunivocitate,biunivocitatăți,t,i,biunivot͡ʃitaTi,biunivot͡ʃitat͡sj,biunivot͡ʃitatət͡si,IPA_SEGMENT_MISMATCH,
biuretă,biurete,t,e,bjurete,bjurete,biurete,IPA_SEGMENT_MISMATCH,
bizou,bizouri,z,uri,bizouuri,bizouurj,bizouri,IPA_SEGMENT_MISMATCH,
blagă,blăgi,g,i,blaGi,blad͡ʒj,bləd͡ʒi,IPA_SEGMENT_MISMATCH,
bleandă,blende,d,e,bleande,bleande,blende,IPA_SEGMENT_MISMATCH,
blochaus,blochausuri,s,uri,blokhawsuri,blokhawsurj,blokhausuri,IPA_SEGMENT_MISMATCH,
blues,bluesuri,s,uri,blusuri,blusurj,bluesuri,IPA_SEGMENT_MISMATCH,
blăjeancă,blăjence,c,e,bləʒeanKe,bləʒeant͡ʃe,bləʒent͡ʃe,IPA_SEGMENT_MISMATCH,
blănăreasă,blănărese,s,e,blənərease,blənərease,blənərese,IPA_SEGMENT_MISMATCH,
boaită,boaite,t,e,boajte,boajte,boaite,IPA_SEGMENT_MISMATCH,
board,boarduri,d,uri,boəduri,boədurj,boarduri,IPA_SEGMENT_MISMATCH,
bobaică,bobăici,c,i,bobajKi,bobajt͡ʃj,bobəit͡ʃi,IPA_SEGMENT_MISMATCH,
bobeică,bobeici,c,i,bobejKi,bobejt͡ʃj,bobeit͡ʃi,IPA_SEGMENT_MISMATCH,
bocancă,bocănci,c,i,bokanKi,bokant͡ʃj,bokənt͡ʃi,IPA_SEGMENT_MISMATCH,
boemoaică,boemoaice,c,e,boemoajKe,boemoajt͡ʃe,boemoait͡ʃe,IPA_SEGMENT_MISMATCH,
bogză,bogze,z,e,bozze,bozze,boɡze,IPA_SEGMENT_MISMATCH,
bogățică,bogățele,c,e,boɡət͡siKe,boɡət͡sit͡ʃe,boɡət͡sele,ICA_SUPPLETION,
boicot,boicoturi,t,uri,bojkoturi,bojkoturj,boikoturi,IPA_SEGMENT_MISMATCH,
boiereasă,boierese,s,e,bojerease,bojerease,boierese,IPA_SEGMENT_MISMATCH,
boieroaică,boieroaice,c,e,bojeroajKe,bojeroajt͡ʃe,boieroait͡ʃe,IPA_SEGMENT_MISMATCH,
boișcă,boiște,c,e,boiʃKe,boiʃte,boiʃte,UNKNOWN,
bojdeucă,bojdeuce,c,e,boʒdewKe,boʒdewt͡ʃe,boʒdeut͡ʃe,IPA_SEGMENT_MISMATCH,
bolnicereasă,bolnicerese,s,e,bolnit͡ʃerease,bolnit͡ʃerease,bolnit͡ʃerese,IPA_SEGMENT_MISMATCH,
boloboc,boloboace,c,e,boloboKe,bolobot͡ʃe,boloboat͡ʃe,IPA_SEGMENT_MISMATCH,
bonețică,bonețele,c,e,,,bonet͡sele,ICA_SUPPLETION,
bonitate,bonități,t,i,bonitaTi,bonitat͡sj,bonitət͡si,IPA_SEGMENT_MISMATCH,
boreasă,borese,s,e,borease,borease,borese,IPA_SEGMENT_MISMATCH,
borteică,borteici,c,i,bortejKi,bortejt͡ʃj,borteit͡ʃi,IPA_SEGMENT_MISMATCH,
bosuioc,bosuioace,c,e,bosuioKe,bosuiot͡ʃe,bosuioat͡ʃe,IPA_SEGMENT_MISMATCH,
botoșăneancă,botoșănence,c,e,botoʃəneanKe,botoʃəneant͡ʃe,botoʃənent͡ʃe,IPA_SEGMENT_MISMATCH,
bouroaică,bouroaice,c,e,bouroajKe,bouroajt͡ʃe,bouroait͡ʃe,IPA_SEGMENT_MISMATCH,
bovindou,bovindouri,d,uri,bovindowuri,bovindowurj,bovindouri,IPA_SEGMENT_MISMATCH,
boz,boji,z,i,,,boʒi,UNKNOWN,
boșcă,boști,c,i,boʃKi,boʃtj,boʃti,SHCA_CLUSTER_DATA,
bragă,brăgi,g,i,braGi,brad͡ʒj,brəd͡ʒi,IPA_SEGMENT_MISMATCH,
braziliancă,brazilience,c,e,brazilianKe,braziliant͡ʃe,brazilient͡ʃe,IPA_SEGMENT_MISMATCH,
brașoveancă,brașovence,c,e,braʃoveanKe,braʃoveant͡ʃe,braʃovent͡ʃe,IPA_SEGMENT_MISMATCH,
brigadă,brigăzi,d,i,briɡaDi,briɡazj,briɡəzi,IPA_SEGMENT_MISMATCH,
brișcă,briște,c,e,briʃKe,briʃte,briʃte,UNKNOWN,
broscoaică,broscoaice,c,e,broskoajKe,broskoajt͡ʃe,broskoait͡ʃe,IPA_SEGMENT_MISMATCH,
broșurică,broșurele,c,e,broʃuriKe,broʃurit͡ʃe,broʃurele,ICA_SUPPLETION,
brutalitate,brutalități,t,i,brutalitaTi,brutalitat͡sj,brutalitət͡si,IPA_SEGMENT_MISMATCH,
brutăreasă,brutărese,s,e,brutərease,brutərease,brutərese,IPA_SEGMENT_MISMATCH,
brânzoaică,brânzoaice,c,e,brɨnzoajKe,brɨnzoajt͡ʃe,brɨnzoait͡ʃe,IPA_SEGMENT_MISMATCH,
brânză,brânzeturi,z,uri,brɨnzuri,brɨnzurj,brɨnzeturi,IPA_SEGMENT_MISMATCH,
brânzăreasă,brânzărese,s,e,brɨnzərease,brɨnzərease,brɨnzərese,IPA_SEGMENT_MISMATCH,
brînză,brînzeturi,z,uri,brɨnzuri,brɨnzurj,brɨnzeturi,IPA_SEGMENT_MISMATCH,
brăileancă,brăilence,c,e,brəileanKe,brəileant͡ʃe,brəilent͡ʃe,IPA_SEGMENT_MISMATCH,
bucată,bucăți,t,i,bukaTi,bukat͡sj,bukət͡si,IPA_SEGMENT_MISMATCH,
bucovineancă,bucovinence,c,e,bukovineanKe,bukovineant͡ʃe,bukovinent͡ʃe,IPA_SEGMENT_MISMATCH,
bucureșteancă,bucureștence,c,e,bukureʃteanKe,bukureʃteant͡ʃe,bukureʃtent͡ʃe,IPA_SEGMENT_MISMATCH,
bucătăreasă,bucătărese,s,e,bukətərease,bukətərease,bukətərese,IPA_SEGMENT_MISMATCH,
bucățică,bucățele,c,e,,,bukət͡sele,ICA_SUPPLETION,
buhușeancă,buhușence,c,e,buhuʃeanKe,buhuʃeant͡ʃe,buhuʃent͡ʃe,IPA_SEGMENT_MISMATCH,
bujdă,bujde,d,e,buʒde,buʒde,buʒde,UNKNOWN,
bulangioaică,bulangioaice,c,e,buland͡ʒioajKe,buland͡ʒioajt͡ʃe,buland͡ʒioait͡ʃe,IPA_SEGMENT_MISMATCH,
buldog,buldogi,g,i,buldoɡbuldoGi,buldoɡbuldod͡ʒj,buldod͡ʒi,IPA_SEGMENT_MISMATCH,
bulgăroaică,bulgăroaice,c,e,bulɡəroajKe,bulɡəroajt͡ʃe,bulɡəroait͡ʃe,IPA_SEGMENT_MISMATCH,
bulzoc,bulzoace,c,e,bulzoKe,bulzot͡ʃe,bulzoat͡ʃe,IPA_SEGMENT_MISMATCH,
bumașcă,bumăști,c,i,bumaʃKi,bumaʃtj,buməʃti,SHCA_CLUSTER_DATA,
bumbușcă,bumbuște,c,e,bumbuʃKe,bumbuʃte,bumbuʃte,UNKNOWN,
bumbăcăreasă,bumbăcărese,s,e,bumbəkərease,bumbəkərease,bumbəkərese,IPA_SEGMENT_MISMATCH,
bunătate,bunătăți,t,i,bunətaTi,bunətat͡sj,bunətət͡si,IPA_SEGMENT_MISMATCH,
buroaică,buroaice,c,e,buroajKe,buroajt͡ʃe,buroait͡ʃe,IPA_SEGMENT_MISMATCH,
busuioacă,busuioace,c,e,busujoaKe,busujoat͡ʃe,busuioat͡ʃe,IPA_SEGMENT_MISMATCH,
but,buturi,t,uri,bəturi,bəturj,buturi,IPA_SEGMENT_MISMATCH,
butcă,butci,c,i,buTKi,but͡st͡ʃj,butt͡ʃi,IPA_SEGMENT_MISMATCH,
butoaică,butoaice,c,e,butoajKe,butoajt͡ʃe,butoait͡ʃe,IPA_SEGMENT_MISMATCH,
buzoiancă,buzoience,c,e,buzojanKe,buzojant͡ʃe,buzoient͡ʃe,IPA_SEGMENT_MISMATCH,
bușcă,buște,c,e,buʃKe,buʃte,buʃte,UNKNOWN,
byte,byți,t,i,bajTi,bajt͡sj,byt͡si,IPA_SEGMENT_MISMATCH,
bârlădeancă,bârlădence,c,e,bɨrlədeanKe,bɨrlədeant͡ʃe,bɨrlədent͡ʃe,IPA_SEGMENT_MISMATCH,
băbușcă,băbuști,c,i,bəbuʃKi,bəbuʃtj,bəbuʃti,SHCA_CLUSTER_DATA,
băcăneasă,băcănese,s,e,bəkənease,bəkənease,bəkənese,IPA_SEGMENT_MISMATCH,
băcăuancă,băcăuance,c,e,bəkəwanKe,bəkəwant͡ʃe,bəkəuant͡ʃe,IPA_SEGMENT_MISMATCH,
bădiică,bădiici,c,i,bədijKi,bədijt͡ʃj,bədiit͡ʃi,IPA_SEGMENT_MISMATCH,
băgău,băgăuri,g,uri,bəɡəuuri,bəɡəuurj,bəɡəuri,IPA_SEGMENT_MISMATCH,
băiat,băieți,t,i,bəjaTi,bəjat͡sj,bəiet͡si,IPA_SEGMENT_MISMATCH,
băiată,băiete,t,e,bəjate,bəjate,bəiete,IPA_SEGMENT_MISMATCH,
băiet,băieți,t,i,bəjeTi,bəjet͡sj,bəiet͡si,IPA_SEGMENT_MISMATCH,
băimăreancă,băimărence,c,e,bəjməreanKe,bəjməreant͡ʃe,bəimərent͡ʃe,IPA_SEGMENT_MISMATCH,
bălușcă,băluște,c,e,bəluʃKe,bəluʃte,bəluʃte,UNKNOWN,
bălăștioagă,bălăștioage,g,e,bələʃtjoaGe,bələʃtjoad͡ʒe,bələʃtioad͡ʒe,IPA_SEGMENT_MISMATCH,
bălțuică,bălțuici,c,i,bəlt͡sujKi,bəlt͡sujt͡ʃj,bəlt͡suit͡ʃi,IPA_SEGMENT_MISMATCH,
bărbiereasă,bărbierese,s,e,bərbierease,bərbierease,bərbierese,IPA_SEGMENT_MISMATCH,
bărlădeancă,bărlădence,c,e,bərlədeanKe,bərlədeant͡ʃe,bərlədent͡ʃe,IPA_SEGMENT_MISMATCH,
bătlog,bătloage,g,e,bətloGe,bətlod͡ʒe,bətload͡ʒe,IPA_SEGMENT_MISMATCH,
bătrânică,bătrânele,c,e,bətrɨniKe,bətrɨnit͡ʃe,bətrɨnele,ICA_SUPPLETION,
cabaz,cabazi,z,i,kabajzi,kabajzj,kabazi,IPA_SEGMENT_MISMATCH,
cadou,cadouri,d,uri,kadowuri,kadowurj,kadouri,IPA_SEGMENT_MISMATCH,
cafas,cafasuri,s,uri,kavasuri,kavasurj,kafasuri,IPA_SEGMENT_MISMATCH,
caiac,caiace,c,e,kəjaKe,kəjat͡ʃe,kaiat͡ʃe,IPA_SEGMENT_MISMATCH,
cais,caiși,s,i,kaʃi,kaʃj,kaiʃi,UNKNOWN,
calamitate,calamități,t,i,kalamitaTi,kalamitat͡sj,kalamitət͡si,IPA_SEGMENT_MISMATCH,
calapod,calapoade,d,e,kalapode,kalapode,kalapoade,IPA_SEGMENT_MISMATCH,
calească,calești,s,i,kaleaSKi,kaleaʃtj,kaleʃti,IPA_SEGMENT_MISMATCH,sc(ă)+i
caleașcă,calești,c,i,kaleaʃKi,kaleaʃtj,kaleʃti,SHCA_CLUSTER_DATA,
califat,califate,t,e,kəlifate,kəlifate,kalifate,IPA_SEGMENT_MISMATCH,
calitate,calități,t,i,kalitaTi,kalitat͡sj,kalitət͡si,IPA_SEGMENT_MISMATCH,
caloricitate,caloricități,t,i,kalorit͡ʃitaTi,kalorit͡ʃitat͡sj,kalorit͡ʃitət͡si,IPA_SEGMENT_MISMATCH,
calozitate,calozități,t,i,kalozitaTi,kalozitat͡sj,kalozitət͡si,IPA_SEGMENT_MISMATCH,
campament,campamente,t,e,kəmpəmene,kəmpəmene,kampamente,IPA_SEGMENT_MISMATCH,
camping,campinguri,g,uri,kempinɡuri,kempinɡurj,kampinɡuri,IPA_SEGMENT_MISMATCH,
campionat,campionate,t,e,kəmpiunate,kəmpiunate,kampionate,IPA_SEGMENT_MISMATCH,
camătă,camete,t,e,kaməte,kaməte,kamete,IPA_SEGMENT_MISMATCH,
canadiancă,canadience,c,e,kanadianKe,kanadiant͡ʃe,kanadient͡ʃe,IPA_SEGMENT_MISMATCH,
cantitate,cantități,t,i,kantitaTi,kantitat͡sj,kantitət͡si,IPA_SEGMENT_MISMATCH,
capacitate,capacități,t,i,kapat͡ʃitaTi,kapat͡ʃitat͡sj,kapat͡ʃitət͡si,IPA_SEGMENT_MISMATCH,
capăt,capete,t,e,kapəte,kapəte,kapete,IPA_SEGMENT_MISMATCH,
carabușcă,carabuști,c,i,karabuʃKi,karabuʃtj,karabuʃti,SHCA_CLUSTER_DATA,
caraghioslâc,caraghioslâcuri,c,uri,karaɡjoslɨkuri,karaɡjoslɨkurj,karaɡioslɨkuri,IPA_SEGMENT_MISMATCH,
caransebeșeancă,caransebeșence,c,e,karansebeʃeanKe,karansebeʃeant͡ʃe,karansebeʃent͡ʃe,IPA_SEGMENT_MISMATCH,
cardașlâc,cardașlâcuri,c,uri,kardaʃlɨkuri,kardaʃlɨkurj,kardaʃlɨkuri,UNKNOWN,
cargou,cargouri,g,uri,karɡowuri,karɡowurj,karɡouri,IPA_SEGMENT_MISMATCH,
cască,căști,s,i,kaSKi,kaʃtj,kəʃti,IPA_SEGMENT_MISMATCH,sc(ă)+i
casiereasă,casierese,s,e,kasierease,kasierease,kasierese,IPA_SEGMENT_MISMATCH,
cassă,casse,s,e,kaSSe,kaʃSe,kasse,UNKNOWN,
castanietă,castaniete,t,e,kastanjete,kastanjete,kastaniete,IPA_SEGMENT_MISMATCH,
catalog,cataloage,g,e,kataloGe,katalod͡ʒe,kataload͡ʒe,IPA_SEGMENT_MISMATCH,
cavas,cavași,s,i,kabaSi,kabaʃj,kavaʃi,IPA_SEGMENT_MISMATCH,
cazualitate,cazualități,t,i,kazualitaTi,kazualitat͡sj,kazualitət͡si,IPA_SEGMENT_MISMATCH,
ceardac,cerdace,c,e,t͡ʃardaKe,t͡ʃardat͡ʃe,t͡ʃerdat͡ʃe,IPA_SEGMENT_MISMATCH,
ceartă,certuri,t,uri,t͡ʃearturi,t͡ʃearturj,t͡ʃerturi,IPA_SEGMENT_MISMATCH,
ceas,ceasuri,s,uri,t͡ʃeasuri,t͡ʃeasurj,t͡ʃasuri,IPA_SEGMENT_MISMATCH,
ceasornic,ceasornice,c,e,t͡ʃeasorniKe,t͡ʃeasornit͡ʃe,t͡ʃasornit͡ʃe,IPA_SEGMENT_MISMATCH,
ceasornicăreasă,ceasornicărese,s,e,t͡ʃasornikərease,t͡ʃasornikərease,t͡ʃasornikərese,IPA_SEGMENT_MISMATCH,
ceașcă,cești,c,i,t͡ʃeaʃKi,t͡ʃeaʃtj,t͡ʃeʃti,SHCA_CLUSTER_DATA,
celebritate,celebrități,t,i,t͡ʃelebritaTi,t͡ʃelebritat͡sj,t͡ʃelebritət͡si,IPA_SEGMENT_MISMATCH,
cepsuică,cepsuici,c,i,t͡ʃepsujKi,t͡ʃepsujt͡ʃj,t͡ʃepsuit͡ʃi,IPA_SEGMENT_MISMATCH,
cepăreasă,cepărese,s,e,t͡ʃepərease,t͡ʃepərease,t͡ʃepərese,IPA_SEGMENT_MISMATCH,
cercelăreasă,cercelărese,s,e,t͡ʃert͡ʃelərease,t͡ʃert͡ʃelərease,t͡ʃert͡ʃelərese,IPA_SEGMENT_MISMATCH,
cerchezoaică,cerchezoaice,c,e,t͡ʃerkezoajKe,t͡ʃerkezoajt͡ʃe,t͡ʃerkezoait͡ʃe,IPA_SEGMENT_MISMATCH,
cerebralitate,cerebralitatăți,t,i,t͡ʃerebralitaTi,t͡ʃerebralitat͡sj,t͡ʃerebralitatət͡si,IPA_SEGMENT_MISMATCH,
cernavodeancă,cernavodence,c,e,t͡ʃernavodeanKe,t͡ʃernavodeant͡ʃe,t͡ʃernavodent͡ʃe,IPA_SEGMENT_MISMATCH,
cernușcă,cernuști,c,i,,,t͡ʃernuʃti,SHCA_CLUSTER_DATA,
certificat,certificate,t,e,sərtifikate,sərtifikate,t͡ʃertifikate,IPA_SEGMENT_MISMATCH,
cerulete,ceruleteți,t,i,t͡ʃeruleTi,t͡ʃerulet͡sj,t͡ʃeruletet͡si,IPA_SEGMENT_MISMATCH,
cerăreasă,cerărese,s,e,t͡ʃerərease,t͡ʃerərease,t͡ʃerərese,IPA_SEGMENT_MISMATCH,
cetate,cetăți,t,i,t͡ʃetaTi,t͡ʃetat͡sj,t͡ʃetət͡si,IPA_SEGMENT_MISMATCH,
cetinică,cetinele,c,e,t͡ʃetiniKe,t͡ʃetinit͡ʃe,t͡ʃetinele,ICA_SUPPLETION,
cetățeancă,cetățence,c,e,t͡ʃetət͡seanKe,t͡ʃetət͡seant͡ʃe,t͡ʃetət͡sent͡ʃe,IPA_SEGMENT_MISMATCH,
cetățuică,cetățuici,c,i,t͡ʃetət͡sujKi,t͡ʃetət͡sujt͡ʃj,t͡ʃetət͡suit͡ʃi,IPA_SEGMENT_MISMATCH,
chelăreasă,chelărese,s,e,kelərease,kelərease,kelərese,IPA_SEGMENT_MISMATCH,
chiabureasă,chiaburese,s,e,kiaburease,kiaburease,kiaburese,IPA_SEGMENT_MISMATCH,
chiaburoaică,chiaburoaice,c,e,kjaburoajKe,kjaburoajt͡ʃe,kiaburoait͡ʃe,IPA_SEGMENT_MISMATCH,
chibitcă,chibitce,c,e,kibiTKe,kibit͡st͡ʃe,kibitt͡ʃe,IPA_SEGMENT_MISMATCH,
chicot,chicote,t,e,t͡ʃikote,t͡ʃikote,kikote,IPA_SEGMENT_MISMATCH,
chilipirgioaică,chilipirgioaice,c,e,kilipird͡ʒioajKe,kilipird͡ʒioajt͡ʃe,kilipird͡ʒioait͡ʃe,IPA_SEGMENT_MISMATCH,
chinezoaică,chinezoaice,c,e,kinezoajKe,kinezoajt͡ʃe,kinezoait͡ʃe,IPA_SEGMENT_MISMATCH,
chiolhănoasă,chiolhănoase,s,e,kjolhənoase,kjolhənoase,kiolhənoase,IPA_SEGMENT_MISMATCH,
chiorăit,chiorăituri,t,uri,kjorəituri,kjorəiturj,kiorəituri,IPA_SEGMENT_MISMATCH,
chioșc,chioșcuri,c,uri,kjoʃkuri,kjoʃkurj,kioʃkuri,IPA_SEGMENT_MISMATCH,
chips,chipsuri,s,uri,t͡ʃipsuri,t͡ʃipsurj,kipsuri,IPA_SEGMENT_MISMATCH,
chiulasă,chiulase,s,e,kjulase,kjulase,kiulase,IPA_SEGMENT_MISMATCH,
chiuretă,chiurete,t,e,kjurete,kjurete,kiurete,IPA_SEGMENT_MISMATCH,
chiuvetă,chiuvete,t,e,kjuvete,kjuvete,kiuvete,IPA_SEGMENT_MISMATCH,
chișlec,chișlecuri,c,uri,kiʃlekuri,kiʃlekurj,kiʃlekuri,UNKNOWN,
ciclicitate,ciclicități,t,i,t͡ʃiklit͡ʃitaTi,t͡ʃiklit͡ʃitat͡sj,t͡ʃiklit͡ʃitət͡si,IPA_SEGMENT_MISMATCH,
cicărică,cicărele,c,e,t͡ʃikəriKe,t͡ʃikərit͡ʃe,t͡ʃikərele,ICA_SUPPLETION,
cilindricitate,cilindricități,t,i,t͡ʃilindrit͡ʃitaTi,t͡ʃilindrit͡ʃitat͡sj,t͡ʃilindrit͡ʃitət͡si,IPA_SEGMENT_MISMATCH,
ciment,cimenturi,t,uri,simenuri,simenurj,t͡ʃimenturi,IPA_SEGMENT_MISMATCH,
cioatcă,cioatce,c,e,t͡ʃioaTKe,t͡ʃioat͡st͡ʃe,t͡ʃioatt͡ʃe,IPA_SEGMENT_MISMATCH,
cioboțică,cioboțele,c,e,,,t͡ʃiobot͡sele,ICA_SUPPLETION,
ciobăneasă,ciobănese,s,e,t͡ʃiobənease,t͡ʃiobənease,t͡ʃiobənese,IPA_SEGMENT_MISMATCH,
ciocoaică,ciocoaice,c,e,t͡ʃiokoajKe,t͡ʃiokoajt͡ʃe,t͡ʃiokoait͡ʃe,IPA_SEGMENT_MISMATCH,
ciocolată,ciocolate,t,e,t͡ʃokolate,t͡ʃokolate,t͡ʃiokolate,IPA_SEGMENT_MISMATCH,
ciocâltău,ciocâlteie,t,e,t͡ʃiokɨltəue,t͡ʃiokɨltəue,t͡ʃiokɨlteie,IPA_SEGMENT_MISMATCH,
cioroaică,cioroaice,c,e,t͡ʃioroajKe,t͡ʃioroajt͡ʃe,t͡ʃioroait͡ʃe,IPA_SEGMENT_MISMATCH,
ciorăpăreasă,ciorăpărese,s,e,t͡ʃiorəpərease,t͡ʃiorəpərease,t͡ʃiorəpərese,IPA_SEGMENT_MISMATCH,
ciot,cioturi,t,uri,t͡ʃoturi,t͡ʃoturj,t͡ʃioturi,IPA_SEGMENT_MISMATCH,
cirezuică,cirezuici,c,i,t͡ʃirezujKi,t͡ʃirezujt͡ʃj,t͡ʃirezuit͡ʃi,IPA_SEGMENT_MISMATCH,
ciuboțică,ciuboțele,c,e,,,t͡ʃiubot͡sele,ICA_SUPPLETION,
ciudat,ciudați,t,i,t͡ʃudaTi,t͡ʃudat͡sj,t͡ʃiudat͡si,IPA_SEGMENT_MISMATCH,
ciumască,ciumắști,s,i,t͡ʃiumaSKi,t͡ʃiumaʃtj,t͡ʃiumắʃti,IPA_SEGMENT_MISMATCH,sc(ă)+i
ciumoaică,ciumoaice,c,e,t͡ʃiumoajKe,t͡ʃiumoajt͡ʃe,t͡ʃiumoait͡ʃe,IPA_SEGMENT_MISMATCH,
ciumurică,ciumurele,c,e,t͡ʃiumuriKe,t͡ʃiumurit͡ʃe,t͡ʃiumurele,ICA_SUPPLETION,
ciurec,ciurecuri,c,uri,t͡ʃurekuri,t͡ʃurekurj,t͡ʃiurekuri,IPA_SEGMENT_MISMATCH,
ciuteică,ciuteici,c,i,t͡ʃiutejKi,t͡ʃiutejt͡ʃj,t͡ʃiuteit͡ʃi,IPA_SEGMENT_MISMATCH,
ciută,ciute,t,e,t͡ʃjute,t͡ʃjute,t͡ʃiute,IPA_SEGMENT_MISMATCH,
ciușcă,ciuște,c,e,,,t͡ʃiuʃte,UNKNOWN,
civilitate,civilități,t,i,t͡ʃivilitaTi,t͡ʃivilitat͡sj,t͡ʃivilitət͡si,IPA_SEGMENT_MISMATCH,
clacă,clăci,c,i,klaKi,klat͡ʃj,klət͡ʃi,IPA_SEGMENT_MISMATCH,
cletaică,cletaice,c,e,kletajKe,kletajt͡ʃe,kletait͡ʃe,IPA_SEGMENT_MISMATCH,
cloșcă,cloști,c,i,kloʃKi,kloʃtj,kloʃti,SHCA_CLUSTER_DATA,
clucsă,clucse,s,e,kluKSe,klukʃe,klukse,UNKNOWN,
clujeancă,clujence,c,e,kluʒeanKe,kluʒeant͡ʃe,kluʒent͡ʃe,IPA_SEGMENT_MISMATCH,
cneaz,cneji,z,i,kneazi,kneazj,kneʒi,UNKNOWN,
cnocaut,cnocauturi,t,uri,knokawturi,knokawturj,knokauturi,IPA_SEGMENT_MISMATCH,
coacă,coci,c,i,koaKi,koat͡ʃj,kot͡ʃi,IPA_SEGMENT_MISMATCH,
coadă,cozi,d,i,koaDi,koazj,kozi,IPA_SEGMENT_MISMATCH,
cocoșoaică,cocoșoaice,c,e,kokoʃoajKe,kokoʃoajt͡ʃe,kokoʃoait͡ʃe,IPA_SEGMENT_MISMATCH,
codașcă,codaște,c,e,kodaʃKe,kodaʃte,kodaʃte,UNKNOWN,
codirișcă,codiriști,c,i,kodiriʃKi,kodiriʃtj,kodiriʃti,SHCA_CLUSTER_DATA,
codișcă,codiște,c,e,kodiʃKe,kodiʃte,kodiʃte,UNKNOWN,
codoșlâc,codoșlâcuri,c,uri,kodoʃlɨkuri,kodoʃlɨkurj,kodoʃlɨkuri,UNKNOWN,
codănică,codănele,c,e,kodəniKe,kodənit͡ʃe,kodənele,ICA_SUPPLETION,
coezivitate,coezivitatăți,t,i,koezivitaTi,koezivitat͡sj,koezivitatət͡si,IPA_SEGMENT_MISMATCH,
cofetăreasă,cofetărese,s,e,kofetərease,kofetərease,kofetərese,IPA_SEGMENT_MISMATCH,
cofăreasă,cofărese,s,e,kofərease,kofərease,kofərese,IPA_SEGMENT_MISMATCH,
coiot,coioți,t,i,kojoTi,kojot͡sj,koiot͡si,IPA_SEGMENT_MISMATCH,
cojoaică,cojoaice,c,e,koʒoajKe,koʒoajt͡ʃe,koʒoait͡ʃe,IPA_SEGMENT_MISMATCH,
cojoc,cojoace,c,e,koʒoKe,koʒot͡ʃe,koʒoat͡ʃe,IPA_SEGMENT_MISMATCH,
cojocăreasă,cojocărese,s,e,koʒokərease,koʒokərease,koʒokərese,IPA_SEGMENT_MISMATCH,
colectivitate,colectivități,t,i,kolektivitaTi,kolektivitat͡sj,kolektivitət͡si,IPA_SEGMENT_MISMATCH,
coloneleasă,colonelese,s,e,kolonelease,kolonelease,kolonelese,IPA_SEGMENT_MISMATCH,
colos,coloși,s,i,t͡soloʃi,t͡soloʃj,koloʃi,UNKNOWN,
colosalitate,colosalitatăți,t,i,kolosalitaTi,kolosalitat͡sj,kolosalitatət͡si,IPA_SEGMENT_MISMATCH,
colportăreasă,colportărese,s,e,kolportərease,kolportərease,kolportərese,IPA_SEGMENT_MISMATCH,
coltău,coltăuri,t,uri,koltəuuri,koltəuurj,koltəuri,IPA_SEGMENT_MISMATCH,
comandament,comandamente,t,e,kuməndəmene,kuməndəmene,komandamente,IPA_SEGMENT_MISMATCH,
comoditate,comodități,t,i,komoditaTi,komoditat͡sj,komoditət͡si,IPA_SEGMENT_MISMATCH,
comorbiditate,comorbidități,t,i,komorbiditaTi,komorbiditat͡sj,komorbiditət͡si,IPA_SEGMENT_MISMATCH,
compactat,compactaturi,t,uri,kumpəktaturi,kumpəktaturj,kompaktaturi,IPA_SEGMENT_MISMATCH,
compactitate,compactități,t,i,kompaktitaTi,kompaktitat͡sj,kompaktitət͡si,IPA_SEGMENT_MISMATCH,
compartiment,compartimente,t,e,kumpərtimene,kumpərtimene,kompartimente,IPA_SEGMENT_MISMATCH,
compas,compasuri,s,uri,kumpasuri,kumpasurj,kompasuri,IPA_SEGMENT_MISMATCH,
complexitate,complexități,t,i,kompleksitaTi,kompleksitat͡sj,kompleksitət͡si,IPA_SEGMENT_MISMATCH,
complicitate,complicități,t,i,komplit͡ʃitaTi,komplit͡ʃitat͡sj,komplit͡ʃitət͡si,IPA_SEGMENT_MISMATCH,
comportament,comportamente,t,e,kumpurtəmene,kumpurtəmene,komportamente,IPA_SEGMENT_MISMATCH,
comunitate,comunități,t,i,komunitaTi,komunitat͡sj,komunitət͡si,IPA_SEGMENT_MISMATCH,
condicăreasă,condicărese,s,e,kondikərease,kondikərease,kondikərese,IPA_SEGMENT_MISMATCH,
conexitate,conexități,t,i,koneksitaTi,koneksitat͡sj,koneksitət͡si,IPA_SEGMENT_MISMATCH,
confraternitate,confraternități,t,i,konfraternitaTi,konfraternitat͡sj,konfraternitət͡si,IPA_SEGMENT_MISMATCH,
congenialitate,congenialitatăți,t,i,kond͡ʒenialitaTi,kond͡ʒenialitat͡sj,kond͡ʒenialitatət͡si,IPA_SEGMENT_MISMATCH,
coniac,coniacuri,c,uri,konjakuri,konjakurj,koniakuri,IPA_SEGMENT_MISMATCH,
conicitate,conicități,t,i,konit͡ʃitaTi,konit͡ʃitat͡sj,konit͡ʃitət͡si,IPA_SEGMENT_MISMATCH,
consentiment,consentimente,t,e,kunsəntimene,kunsəntimene,konsentimente,IPA_SEGMENT_MISMATCH,
contestat,contestaturi,t,uri,kuntəstaturi,kuntəstaturj,kontestaturi,IPA_SEGMENT_MISMATCH,
continuitate,continuități,t,i,kontinuitaTi,kontinuitat͡sj,kontinuitət͡si,IPA_SEGMENT_MISMATCH,
contractibilitate,contractibilități,t,i,kontraktibilitaTi,kontraktibilitat͡sj,kontraktibilitət͡si,IPA_SEGMENT_MISMATCH,
contractilitate,contractilități,t,i,kontraktilitaTi,kontraktilitat͡sj,kontraktilitət͡si,IPA_SEGMENT_MISMATCH,
contragreutate,contragreutăți,t,i,kontraɡreutaTi,kontraɡreutat͡sj,kontraɡreutət͡si,IPA_SEGMENT_MISMATCH,
contramarcă,contramărci,c,i,kontramarKi,kontramart͡ʃj,kontramərt͡ʃi,IPA_SEGMENT_MISMATCH,
contraproiect,contraproiecte,t,e,kontraprojeKTe,kontraprojekte,kontraproiekte,IPA_SEGMENT_MISMATCH,ct(ă)+e
contrasubiect,contrasubiecte,t,e,kontrasubjeKTe,kontrasubjekte,kontrasubiekte,IPA_SEGMENT_MISMATCH,ct(ă)+e
convertibilitate,convertibilități,t,i,konvertibilitaTi,konvertibilitat͡sj,konvertibilitət͡si,IPA_SEGMENT_MISMATCH,
convexitate,convexități,t,i,konveksitaTi,konveksitat͡sj,konveksitət͡si,IPA_SEGMENT_MISMATCH,
copeică,copeici,c,i,kopejKi,kopejt͡ʃj,kopeit͡ʃi,IPA_SEGMENT_MISMATCH,
coperământ,coperăminte,t,e,koperəmɨnte,koperəmɨnte,koperəminte,IPA_SEGMENT_MISMATCH,
copiozitate,copiozități,t,i,kopiozitaTi,kopiozitat͡sj,kopiozitət͡si,IPA_SEGMENT_MISMATCH,
coproprietate,coproprietăți,t,i,koproprietaTi,koproprietat͡sj,koproprietət͡si,IPA_SEGMENT_MISMATCH,
coraport,corapoarte,t,e,koraporte,koraporte,korapoarte,IPA_SEGMENT_MISMATCH,
corboaică,corboaice,c,e,korboajKe,korboajt͡ʃe,korboait͡ʃe,IPA_SEGMENT_MISMATCH,
cordelăreasă,cordelărese,s,e,kordelərease,kordelərease,kordelərese,IPA_SEGMENT_MISMATCH,
corectitate,corectitatăți,t,i,korektitaTi,korektitat͡sj,korektitatət͡si,IPA_SEGMENT_MISMATCH,
coreeancă,coreence,c,e,koreeanKe,koreeant͡ʃe,koreent͡ʃe,IPA_SEGMENT_MISMATCH,
cornăreasă,cornărese,s,e,kornərease,kornərease,kornərese,IPA_SEGMENT_MISMATCH,
corodașcă,corodắști,c,i,korodaʃKi,korodaʃtj,korodắʃti,SHCA_CLUSTER_DATA,
corvadă,corvezi,d,i,korvaDi,korvazj,korvezi,IPA_SEGMENT_MISMATCH,
corvoadă,corvezi,d,i,korvoaDi,korvoazj,korvezi,IPA_SEGMENT_MISMATCH,
cosac,cosaci,c,i,kuzaKi,kuzat͡ʃj,kosat͡ʃi,IPA_SEGMENT_MISMATCH,
costororeasă,costororese,s,e,kostororease,kostororease,kostororese,IPA_SEGMENT_MISMATCH,
costrică,costrele,c,e,kostriKe,kostrit͡ʃe,kostrele,ICA_SUPPLETION,
cot,coate,t,e,kote,kote,koate,IPA_SEGMENT_MISMATCH,
cotiugă,cotiugi,g,i,kotjuGi,kotjud͡ʒj,kotiud͡ʒi,IPA_SEGMENT_MISMATCH,
cotorobușcă,cotorobuște,c,e,kotorobuʃKe,kotorobuʃte,kotorobuʃte,UNKNOWN,
cotovaică,cotovaice,c,e,kotovajKe,kotovajt͡ʃe,kotovait͡ʃe,IPA_SEGMENT_MISMATCH,
cotreică,cotreice,c,e,kotrejKe,kotrejt͡ʃe,kotreit͡ʃe,IPA_SEGMENT_MISMATCH,
cotrog,cotroage,g,e,kotroGe,kotrod͡ʒe,kotroad͡ʒe,IPA_SEGMENT_MISMATCH,
covată,coveți,t,i,kovaTi,kovat͡sj,kovet͡si,IPA_SEGMENT_MISMATCH,
covrigioaică,covrigioaice,c,e,kovrid͡ʒioajKe,kovrid͡ʒioajt͡ʃe,kovrid͡ʒioait͡ʃe,IPA_SEGMENT_MISMATCH,
covrigăreasă,covrigărese,s,e,kovriɡərease,kovriɡərease,kovriɡərese,IPA_SEGMENT_MISMATCH,
covăcioaică,covăcioaice,c,e,kovət͡ʃioajKe,kovət͡ʃioajt͡ʃe,kovət͡ʃioait͡ʃe,IPA_SEGMENT_MISMATCH,
covăreasă,covărese,s,e,kovərease,kovərease,kovərese,IPA_SEGMENT_MISMATCH,
covăsneancă,covăsnence,c,e,kovəsneanKe,kovəsneant͡ʃe,kovəsnent͡ʃe,IPA_SEGMENT_MISMATCH,
covățică,covățele,c,e,,,kovət͡sele,ICA_SUPPLETION,
cozoroc,cozoroace,c,e,kozoroKe,kozorot͡ʃe,kozoroat͡ʃe,IPA_SEGMENT_MISMATCH,
coșarcă,coșărci,c,i,koʃarKi,koʃart͡ʃj,koʃərt͡ʃi,IPA_SEGMENT_MISMATCH,
cracă,crăci,c,i,kraKi,krat͡ʃj,krət͡ʃi,IPA_SEGMENT_MISMATCH,
crailâc,crailâcuri,c,uri,krajlɨkuri,krajlɨkurj,krailɨkuri,IPA_SEGMENT_MISMATCH,
crainic,crainici,c,i,krajniKi,krajnit͡ʃj,krainit͡ʃi,IPA_SEGMENT_MISMATCH,
crainică,crainice,c,e,krajniKe,krajnit͡ʃe,krainit͡ʃe,IPA_SEGMENT_MISMATCH,
craioveancă,craiovence,c,e,krajoveanKe,krajoveant͡ʃe,kraiovent͡ʃe,IPA_SEGMENT_MISMATCH,
creativitate,creativități,t,i,kreativitaTi,kreativitat͡sj,kreativitət͡si,IPA_SEGMENT_MISMATCH,
cremșnit,cremșnituri,t,uri,kremʃnituri,kremʃniturj,kremʃnituri,UNKNOWN,
crenvirșt,crenvirști,t,i,krenvirʃTi,krenvirʃtj,krenvirʃti,SHT_LOANWORD,
crenvurșt,crenvurști,t,i,krenvurʃTi,krenvurʃtj,krenvurʃti,SHT_LOANWORD,
crestează,cresteze,z,e,kresteaze,kresteaze,kresteze,IPA_SEGMENT_MISMATCH,
crezământ,crezăminte,t,e,krezəmɨnte,krezəmɨnte,krezəminte,IPA_SEGMENT_MISMATCH,
creștet,creștete,t,e,kreʃtete,kreʃtete,kreʃtete,UNKNOWN,
crețușcă,crețuște,c,e,,,kret͡suʃte,UNKNOWN,
crisopraz,crisopreze,z,e,krisopraze,krisopraze,krisopreze,IPA_SEGMENT_MISMATCH,
crișeancă,crișence,c,e,kriʃeanKe,kriʃeant͡ʃe,kriʃent͡ʃe,IPA_SEGMENT_MISMATCH,
croasant,croasante,t,e,krwasante,krwasante,kroasante,IPA_SEGMENT_MISMATCH,
croitoreasă,croitorese,s,e,kroitorease,kroitorease,kroitorese,IPA_SEGMENT_MISMATCH,
cruciadă,cruciade,d,e,krut͡ʃade,krut͡ʃade,krut͡ʃiade,IPA_SEGMENT_MISMATCH,
cruditate,crudități,t,i,kruditaTi,kruditat͡sj,kruditət͡si,IPA_SEGMENT_MISMATCH,
crudătate,crudătatăți,t,i,krudətaTi,krudətat͡sj,krudətatət͡si,IPA_SEGMENT_MISMATCH,
crâncinătate,crâncinătatăți,t,i,krɨnt͡ʃinətaTi,krɨnt͡ʃinətat͡sj,krɨnt͡ʃinətatət͡si,IPA_SEGMENT_MISMATCH,
crâșmăreasă,crâșmărese,s,e,krɨʃmərease,krɨʃmərease,krɨʃmərese,IPA_SEGMENT_MISMATCH,
crăiasă,crăiese,s,e,krəjase,krəjase,krəiese,IPA_SEGMENT_MISMATCH,
ctitoreasă,ctitorese,s,e,ktitorease,ktitorease,ktitorese,IPA_SEGMENT_MISMATCH,
cuadrant,cuadrante,t,e,kwadrante,kwadrante,kuadrante,IPA_SEGMENT_MISMATCH,
cuantă,cuante,t,e,kwante,kwante,kuante,IPA_SEGMENT_MISMATCH,
cuartet,cuartete,t,e,kwartete,kwartete,kuartete,IPA_SEGMENT_MISMATCH,
cuartă,cuarte,t,e,kwarte,kwarte,kuarte,IPA_SEGMENT_MISMATCH,
cucuiete,cucuieți,t,i,kukujeTi,kukujet͡sj,kukuiet͡si,IPA_SEGMENT_MISMATCH,
cuculeasă,cuculese,s,e,kukulease,kukulease,kukulese,IPA_SEGMENT_MISMATCH,
cucuvaică,cucuvaici,c,i,kukuvajKi,kukuvajt͡ʃj,kukuvait͡ʃi,IPA_SEGMENT_MISMATCH,
cucuveică,cucuveici,c,i,kukuvejKi,kukuvejt͡ʃj,kukuveit͡ʃi,IPA_SEGMENT_MISMATCH,
cucuțică,cucuțele,c,e,kukut͡siKe,kukut͡sit͡ʃe,kukut͡sele,ICA_SUPPLETION,
cuinăreasă,cuinărese,s,e,kuinərease,kuinərease,kuinərese,IPA_SEGMENT_MISMATCH,
culbeceasă,culbecese,s,e,kulbet͡ʃase,kulbet͡ʃase,kulbet͡ʃese,IPA_SEGMENT_MISMATCH,
culegătoreasă,culegătorese,s,e,kuleɡətorease,kuleɡətorease,kuleɡətorese,IPA_SEGMENT_MISMATCH,
cumnățică,cumnățele,c,e,,,kumnət͡sele,ICA_SUPPLETION,
cumplitate,cumplitatăți,t,i,kumplitaTi,kumplitat͡sj,kumplitatət͡si,IPA_SEGMENT_MISMATCH,
cumpătate,cumpătatăți,t,i,kumpətaTi,kumpətat͡sj,kumpətatət͡si,IPA_SEGMENT_MISMATCH,
cumăt,cumeți,t,i,kuməTi,kumət͡sj,kumet͡si,IPA_SEGMENT_MISMATCH,
cununică,cununele,c,e,kununiKe,kununit͡ʃe,kununele,ICA_SUPPLETION,
curcioaică,curcioaice,c,e,kurt͡ʃioajKe,kurt͡ʃioajt͡ʃe,kurt͡ʃioait͡ʃe,IPA_SEGMENT_MISMATCH,
curcubătă,curcubete,t,e,kurkubəte,kurkubəte,kurkubete,IPA_SEGMENT_MISMATCH,
curelăreasă,curelărese,s,e,kurelərease,kurelərease,kurelərese,IPA_SEGMENT_MISMATCH,
curteancă,curtence,c,e,kurteanKe,kurteant͡ʃe,kurtent͡ʃe,IPA_SEGMENT_MISMATCH,
curut,curuți,t,i,t͡ʃuruTi,t͡ʃurut͡sj,kurut͡si,IPA_SEGMENT_MISMATCH,
cusurgioaică,cusurgioaice,c,e,kusurd͡ʒioajKe,kusurd͡ʒioajt͡ʃe,kusurd͡ʒioait͡ʃe,IPA_SEGMENT_MISMATCH,
cusătoreasă,cusătorese,s,e,kusətorease,kusətorease,kusətorese,IPA_SEGMENT_MISMATCH,
cuvânt,cuvinte,t,e,kuvɨnte,kuvɨnte,kuvinte,IPA_SEGMENT_MISMATCH,
cușcă,cuști,c,i,kuʃKi,kuʃtj,kuʃti,SHCA_CLUSTER_DATA,
cyborg,cyborgi,g,i,sajborGi,sajbord͡ʒj,kybord͡ʒi,IPA_SEGMENT_MISMATCH,
câinoaică,câinoaice,c,e,kɨinoajKe,kɨinoajt͡ʃe,kɨinoait͡ʃe,IPA_SEGMENT_MISMATCH,
câmpeancă,câmpence,c,e,kɨmpeanKe,kɨmpeant͡ʃe,kɨmpent͡ʃe,IPA_SEGMENT_MISMATCH,
câmpulungeancă,câmpulungence,c,e,kɨmpulund͡ʒanKe,kɨmpulund͡ʒant͡ʃe,kɨmpulund͡ʒent͡ʃe,IPA_SEGMENT_MISMATCH,
cârciumăreasă,cârciumărese,s,e,kɨrt͡ʃiumərease,kɨrt͡ʃiumərease,kɨrt͡ʃiumərese,IPA_SEGMENT_MISMATCH,
cârcăiac,cârcăiaci,c,i,kɨrkəjaKi,kɨrkəjat͡ʃj,kɨrkəiat͡ʃi,IPA_SEGMENT_MISMATCH,
cârmită,cârmițe,t,e,kɨrmite,kɨrmite,kɨrmit͡se,IPA_SEGMENT_MISMATCH,
cârneleagă,cârnelegi,g,i,kɨrneleaGi,kɨrnelead͡ʒj,kɨrneled͡ʒi,IPA_SEGMENT_MISMATCH,
cârșag,cârșege,g,e,kɨrʃaGe,kɨrʃad͡ʒe,kɨrʃed͡ʒe,IPA_SEGMENT_MISMATCH,
câșlăreasă,câșlărese,s,e,kɨʃlərease,kɨʃlərease,kɨʃlərese,UNKNOWN,
câștig,câștiguri,g,uri,kɨʃtiɡuri,kɨʃtiɡurj,kɨʃtiɡuri,UNKNOWN,
căcărează,căcăreze,z,e,kəkəreaze,kəkəreaze,kəkəreze,IPA_SEGMENT_MISMATCH,
căimăcăneasă,căimăcănese,s,e,kəiməkənease,kəiməkənease,kəiməkənese,IPA_SEGMENT_MISMATCH,
călcătoreasă,călcătorese,s,e,kəlkətorease,kəlkətorease,kəlkətorese,IPA_SEGMENT_MISMATCH,
căldărușcă,căldăruște,c,e,kəldəruʃKe,kəldəruʃte,kəldəruʃte,UNKNOWN,
căldărăreasă,căldărărese,s,e,kəldərərease,kəldərərease,kəldərərese,IPA_SEGMENT_MISMATCH,
căletcă,căletci,c,i,kəleTKi,kəlet͡st͡ʃj,kəlett͡ʃi,IPA_SEGMENT_MISMATCH,
călicică,călicicele,c,e,kəlit͡ʃiKe,kəlit͡ʃit͡ʃe,kəlit͡ʃit͡ʃele,ICA_SUPPLETION,
călărășeancă,călărășence,c,e,kələrəʃeanKe,kələrəʃeant͡ʃe,kələrəʃent͡ʃe,IPA_SEGMENT_MISMATCH,
călțunureasă,călțunurese,s,e,kəlt͡sunurease,kəlt͡sunurease,kəlt͡sunurese,IPA_SEGMENT_MISMATCH,
cămeșuică,cămeșuici,c,i,kəmeʃujKi,kəmeʃujt͡ʃj,kəmeʃuit͡ʃi,IPA_SEGMENT_MISMATCH,
cămăruică,cămăruici,c,i,kəmərujKi,kəmərujt͡ʃj,kəməruit͡ʃi,IPA_SEGMENT_MISMATCH,
cămătăreasă,cămătărese,s,e,kəmətərease,kəmətərease,kəmətərese,IPA_SEGMENT_MISMATCH,
cămășuică,cămășuici,c,i,kəməʃujKi,kəməʃujt͡ʃj,kəməʃuit͡ʃi,IPA_SEGMENT_MISMATCH,
căpaucă,căpauce,c,e,kəpawKe,kəpawt͡ʃe,kəpaut͡ʃe,IPA_SEGMENT_MISMATCH,
căpcăunoaică,căpcăunoaice,c,e,kəpkəunoajKe,kəpkəunoajt͡ʃe,kəpkəunoait͡ʃe,IPA_SEGMENT_MISMATCH,
căpităneasă,căpitănese,s,e,kəpitənease,kəpitənease,kəpitənese,IPA_SEGMENT_MISMATCH,
căprăreasă,căprărese,s,e,kəprərease,kəprərease,kəprərese,IPA_SEGMENT_MISMATCH,
căpătușcă,căpătuști,c,i,kəpətuʃKi,kəpətuʃtj,kəpətuʃti,SHCA_CLUSTER_DATA,
căpșunică,căpșunele,c,e,kəpʃuniKe,kəpʃunit͡ʃe,kəpʃunele,ICA_SUPPLETION,
cărbunăreasă,cărbunărese,s,e,kərbunərease,kərbunərease,kərbunərese,IPA_SEGMENT_MISMATCH,
cărturăreasă,cărturărese,s,e,kərturərease,kərturərease,kərturərese,IPA_SEGMENT_MISMATCH,
căruntate,căruntatăți,t,i,kəruntaTi,kəruntat͡sj,kəruntatət͡si,IPA_SEGMENT_MISMATCH,
cărămidăreasă,cărămidărese,s,e,kərəmidərease,kərəmidərease,kərəmidərese,IPA_SEGMENT_MISMATCH,
cărăruică,cărăruici,c,i,kərərujKi,kərərujt͡ʃj,kərəruit͡ʃi,IPA_SEGMENT_MISMATCH,
căsuică,căsuici,c,i,kəsujKi,kəsujt͡ʃj,kəsuit͡ʃi,IPA_SEGMENT_MISMATCH,
căsăluică,căsăluici,c,i,kəsəlujKi,kəsəlujt͡ʃj,kəsəluit͡ʃi,IPA_SEGMENT_MISMATCH,
căzăcioaică,căzăcioaice,c,e,kəzət͡ʃioajKe,kəzət͡ʃioajt͡ʃe,kəzət͡ʃioait͡ʃe,IPA_SEGMENT_MISMATCH,
cășăreasă,cășărese,s,e,kəʃərease,kəʃərease,kəʃərese,IPA_SEGMENT_MISMATCH,
dagă,dăgi,g,i,daGi,dad͡ʒj,dəd͡ʒi,IPA_SEGMENT_MISMATCH,
dajd,dajdi,d,i,daʒDi,daʒdj,daʒdi,UNKNOWN,
daltă,dălți,t,i,dalTi,dalt͡sj,dəlt͡si,IPA_SEGMENT_MISMATCH,
damblagioaică,damblagioaice,c,e,damblad͡ʒioajKe,damblad͡ʒioajt͡ʃe,damblad͡ʒioait͡ʃe,IPA_SEGMENT_MISMATCH,
decidabilitate,decidabilitatăți,t,i,det͡ʃidabilitaTi,det͡ʃidabilitat͡sj,det͡ʃidabilitatət͡si,IPA_SEGMENT_MISMATCH,
declivitate,declivități,t,i,deklivitaTi,deklivitat͡sj,deklivitət͡si,IPA_SEGMENT_MISMATCH,
defectivitate,defectivitatăți,t,i,defektivitaTi,defektivitat͡sj,defektivitatət͡si,IPA_SEGMENT_MISMATCH,
defectuozitate,defectuozități,t,i,defektuozitaTi,defektuozitat͡sj,defektuozitət͡si,IPA_SEGMENT_MISMATCH,
delcou,delcouri,c,uri,delkouuri,delkouurj,delkouri,IPA_SEGMENT_MISMATCH,
deleancă,delence,c,e,deleanKe,deleant͡ʃe,delent͡ʃe,IPA_SEGMENT_MISMATCH,
demnitate,demnități,t,i,demnitaTi,demnitat͡sj,demnitət͡si,IPA_SEGMENT_MISMATCH,
densitate,densități,t,i,densitaTi,densitat͡sj,densitət͡si,IPA_SEGMENT_MISMATCH,
deochetoreasă,deochetorese,s,e,deoketorease,deoketorease,deoketorese,IPA_SEGMENT_MISMATCH,
deochetoroaică,deochetoroaice,c,e,deoketoroajKe,deoketoroajt͡ʃe,deoketoroait͡ʃe,IPA_SEGMENT_MISMATCH,
deochi,deochiuri,c,uri,deokuri,deokurj,deokiuri,IPA_SEGMENT_MISMATCH,
deportat,deportați,t,i,dəpurtaTi,dəpurtat͡sj,deportat͡si,IPA_SEGMENT_MISMATCH,
descendent,descendenți,t,i,dəsəndeni,dəsəndenj,dest͡ʃendent͡si,UNKNOWN,
descindământ,descindăminți,t,i,dest͡ʃindəmɨnTi,dest͡ʃindəmɨnt͡sj,dest͡ʃindəmint͡si,IPA_SEGMENT_MISMATCH,
desitate,desitatăți,t,i,desitaTi,desitat͡sj,desitatət͡si,IPA_SEGMENT_MISMATCH,
dessous,dessous-uri,s,uri,dəsuuri,dəsuurj,dessous-uri,IPA_SEGMENT_MISMATCH,
destructibilitate,destructibilități,t,i,destruktibilitaTi,destruktibilitat͡sj,destruktibilitət͡si,IPA_SEGMENT_MISMATCH,
destulătate,destulătatăți,t,i,destulətaTi,destulətat͡sj,destulətatət͡si,IPA_SEGMENT_MISMATCH,
detectabilitate,detectabilitatăți,t,i,detektabilitaTi,detektabilitat͡sj,detektabilitatət͡si,IPA_SEGMENT_MISMATCH,
dexteritate,dexterități,t,i,deksteritaTi,deksteritat͡sj,deksteritət͡si,IPA_SEGMENT_MISMATCH,
deznodământ,deznodăminte,t,e,deznodəmɨnte,deznodəmɨnte,deznodəminte,IPA_SEGMENT_MISMATCH,
deșertate,deșertăți,t,i,deʃertaTi,deʃertat͡sj,deʃertət͡si,IPA_SEGMENT_MISMATCH,
deșt,dește,t,e,deʃte,deʃte,deʃte,UNKNOWN,
diac,dieci,c,i,diaKi,diat͡ʃj,diet͡ʃi,IPA_SEGMENT_MISMATCH,
diaconeasă,diaconese,s,e,diakonease,diakonease,diakonese,IPA_SEGMENT_MISMATCH,
diafanitate,diafanități,t,i,diafanitaTi,diafanitat͡sj,diafanitət͡si,IPA_SEGMENT_MISMATCH,
diavoloaică,diavoloaice,c,e,diavoloajKe,diavoloajt͡ʃe,diavoloait͡ʃe,IPA_SEGMENT_MISMATCH,
dificultate,dificultăți,t,i,difikultaTi,difikultat͡sj,difikultət͡si,IPA_SEGMENT_MISMATCH,
diformitate,diformități,t,i,diformitaTi,diformitat͡sj,diformitət͡si,IPA_SEGMENT_MISMATCH,
dignitate,dignități,t,i,diɡnitaTi,diɡnitat͡sj,diɡnitət͡si,IPA_SEGMENT_MISMATCH,
dilatabilitate,dilatabilitatăți,t,i,dilatabilitaTi,dilatabilitat͡sj,dilatabilitatət͡si,IPA_SEGMENT_MISMATCH,
dilimache,dilii,c,i,dilimaKi,dilimat͡ʃj,dilii,UNKNOWN,
dimensionalitate,dimensionalități,t,i,dimensionalitaTi,dimensionalitat͡sj,dimensionalitət͡si,IPA_SEGMENT_MISMATCH,
diochi,diochiuri,c,uri,diokuri,diokurj,diokiuri,IPA_SEGMENT_MISMATCH,
directoreasă,directorese,s,e,direktorease,direktorease,direktorese,IPA_SEGMENT_MISMATCH,
discontinuitate,discontinuități,t,i,diskontinuitaTi,diskontinuitat͡sj,diskontinuitət͡si,IPA_SEGMENT_MISMATCH,
disfuncționalitate,disfuncționalități,t,i,disfunkt͡sionalitaTi,disfunkt͡sionalitat͡sj,disfunkt͡sionalitət͡si,IPA_SEGMENT_MISMATCH,
disolubilitate,disolubilități,t,i,disolubilitaTi,disolubilitat͡sj,disolubilitət͡si,IPA_SEGMENT_MISMATCH,
dispersitate,dispersitatăți,t,i,dispersitaTi,dispersitat͡sj,dispersitatət͡si,IPA_SEGMENT_MISMATCH,
disponibilitate,disponibilități,t,i,disponibilitaTi,disponibilitat͡sj,disponibilitət͡si,IPA_SEGMENT_MISMATCH,
divinitate,divinități,t,i,divinitaTi,divinitat͡sj,divinitət͡si,IPA_SEGMENT_MISMATCH,
dizabilitate,dizabilități,t,i,dizabilitaTi,dizabilitat͡sj,dizabilitət͡si,IPA_SEGMENT_MISMATCH,
dobitoc,dobitoace,c,e,dobitoKe,dobitot͡ʃe,dobitoat͡ʃe,IPA_SEGMENT_MISMATCH,
doctoreasă,doctorese,s,e,doktorease,doktorease,doktorese,IPA_SEGMENT_MISMATCH,
doftoreasă,doftorese,s,e,doftorease,doftorease,doftorese,IPA_SEGMENT_MISMATCH,
dogăreasă,dogărese,s,e,doɡərease,doɡərease,doɡərese,IPA_SEGMENT_MISMATCH,
dogăroaică,dogăroaice,c,e,doɡəroajKe,doɡəroajt͡ʃe,doɡəroait͡ʃe,IPA_SEGMENT_MISMATCH,
doică,doici,c,i,dojKi,dojt͡ʃj,doit͡ʃi,IPA_SEGMENT_MISMATCH,
doljeancă,doljence,c,e,dolʒeanKe,dolʒeant͡ʃe,dolʒent͡ʃe,IPA_SEGMENT_MISMATCH,
dosadă,dosăzi,d,i,dosaDi,dosazj,dosəzi,IPA_SEGMENT_MISMATCH,
dovadă,dovezi,d,i,dovaDi,dovazj,dovezi,IPA_SEGMENT_MISMATCH,
dovleac,dovleci,c,i,dovleaKi,dovleat͡ʃj,dovlet͡ʃi,IPA_SEGMENT_MISMATCH,
dragomăneasă,dragomănese,s,e,draɡomənease,draɡomənease,draɡomənese,IPA_SEGMENT_MISMATCH,
drișcă,driște,c,e,driʃKe,driʃte,driʃte,UNKNOWN,
droșcă,droște,c,e,droʃKe,droʃte,droʃte,UNKNOWN,
drăcoaică,drăcoaice,c,e,drəkoajKe,drəkoajt͡ʃe,drəkoait͡ʃe,IPA_SEGMENT_MISMATCH,
dualitate,dualități,t,i,dualitaTi,dualitat͡sj,dualitət͡si,IPA_SEGMENT_MISMATCH,
ducoaică,ducoaice,c,e,dukoajKe,dukoajt͡ʃe,dukoait͡ʃe,IPA_SEGMENT_MISMATCH,
duhoaică,duhoaice,c,e,duhoajKe,duhoajt͡ʃe,duhoait͡ʃe,IPA_SEGMENT_MISMATCH,
dumbrăveancă,dumbrăvence,c,e,dumbrəveanKe,dumbrəveant͡ʃe,dumbrəvent͡ʃe,IPA_SEGMENT_MISMATCH,
dumnezeiasă,dumnezeiese,s,e,dumnezeiase,dumnezeiase,dumnezeiese,IPA_SEGMENT_MISMATCH,
dumnezeoaică,dumnezeoaice,c,e,dumnezeoajKe,dumnezeoajt͡ʃe,dumnezeoait͡ʃe,IPA_SEGMENT_MISMATCH,
dunăreancă,dunărence,c,e,dunəreanKe,dunəreant͡ʃe,dunərent͡ʃe,IPA_SEGMENT_MISMATCH,
duritate,durități,t,i,duritaTi,duritat͡sj,duritət͡si,IPA_SEGMENT_MISMATCH,
dușcă,duște,c,e,duʃKe,duʃte,duʃte,UNKNOWN,
dușumică,dușuminci,c,i,duʃumiKi,duʃumit͡ʃj,duʃumint͡ʃi,IPA_SEGMENT_MISMATCH,
dâmboc,dâmboace,c,e,dɨmboKe,dɨmbot͡ʃe,dɨmboat͡ʃe,IPA_SEGMENT_MISMATCH,
dârstăreasă,dârstărese,s,e,dɨrstərease,dɨrstərease,dɨrstərese,IPA_SEGMENT_MISMATCH,
dălticică,dălticicele,c,e,dəltit͡ʃiKe,dəltit͡ʃit͡ʃe,dəltit͡ʃit͡ʃele,ICA_SUPPLETION,
dălăcoaică,dălăcoaice,c,e,dələkoajKe,dələkoajt͡ʃe,dələkoait͡ʃe,IPA_SEGMENT_MISMATCH,
dăscăleac,dăscăleci,c,i,dəskəleaKi,dəskəleat͡ʃj,dəskəlet͡ʃi,IPA_SEGMENT_MISMATCH,
echitate,echități,t,i,ekitaTi,ekitat͡sj,ekitət͡si,IPA_SEGMENT_MISMATCH,
economicitate,economicitatăți,t,i,ekonomit͡ʃitaTi,ekonomit͡ʃitat͡sj,ekonomit͡ʃitatət͡si,IPA_SEGMENT_MISMATCH,
ecou,ecouri,c,uri,ekowuri,ekowurj,ekouri,IPA_SEGMENT_MISMATCH,
ecumenicitate,ecumenicități,t,i,ekumenit͡ʃitaTi,ekumenit͡ʃitat͡sj,ekumenit͡ʃitət͡si,IPA_SEGMENT_MISMATCH,
edacitate,edacitatăți,t,i,edat͡ʃitaTi,edat͡ʃitat͡sj,edat͡ʃitatət͡si,IPA_SEGMENT_MISMATCH,
efectivitate,efectivitatăți,t,i,efektivitaTi,efektivitat͡sj,efektivitatət͡si,IPA_SEGMENT_MISMATCH,
efemeritate,efemerități,t,i,efemeritaTi,efemeritat͡sj,efemeritət͡si,IPA_SEGMENT_MISMATCH,
eftinătate,eftinătăți,t,i,eftinətaTi,eftinətat͡sj,eftinətət͡si,IPA_SEGMENT_MISMATCH,
egalitate,egalități,t,i,eɡalitaTi,eɡalitat͡sj,eɡalitət͡si,IPA_SEGMENT_MISMATCH,
egocentricitate,egocentricitatăți,t,i,eɡot͡ʃentrit͡ʃitaTi,eɡot͡ʃentrit͡ʃitat͡sj,eɡot͡ʃentrit͡ʃitatət͡si,IPA_SEGMENT_MISMATCH,
egumeneasă,egumenese,s,e,eɡumenease,eɡumenease,eɡumenese,IPA_SEGMENT_MISMATCH,
elefăntoaică,elefăntoaice,c,e,elefəntoajKe,elefəntoajt͡ʃe,elefəntoait͡ʃe,IPA_SEGMENT_MISMATCH,
emasculat,emasculaturi,t,uri,əməskulaturi,əməskulaturj,emaskulaturi,IPA_SEGMENT_MISMATCH,
emoționabilitate,emoționabilitatăți,t,i,emot͡sionabilitaTi,emot͡sionabilitat͡sj,emot͡sionabilitatət͡si,IPA_SEGMENT_MISMATCH,
englezoaică,englezoaice,c,e,enɡlezoajKe,enɡlezoajt͡ʃe,enɡlezoait͡ʃe,IPA_SEGMENT_MISMATCH,
enormitate,enormități,t,i,enormitaTi,enormitat͡sj,enormitət͡si,IPA_SEGMENT_MISMATCH,
entitate,entități,t,i,entitaTi,entitat͡sj,entitət͡si,IPA_SEGMENT_MISMATCH,
episcopeasă,episcopese,s,e,episkopease,episkopease,episkopese,IPA_SEGMENT_MISMATCH,
erectilitate,erectilitatăți,t,i,erektilitaTi,erektilitat͡sj,erektilitatət͡si,IPA_SEGMENT_MISMATCH,
ereditate,eredități,t,i,ereditaTi,ereditat͡sj,ereditət͡si,IPA_SEGMENT_MISMATCH,
eremitate,eremitatăți,t,i,eremitaTi,eremitat͡sj,eremitatət͡si,IPA_SEGMENT_MISMATCH,
ereticitate,ereticitatăți,t,i,eretit͡ʃitaTi,eretit͡ʃitat͡sj,eretit͡ʃitatət͡si,IPA_SEGMENT_MISMATCH,
eroicitate,eroicitatăți,t,i,eroit͡ʃitaTi,eroit͡ʃitat͡sj,eroit͡ʃitatət͡si,IPA_SEGMENT_MISMATCH,
eroitate,eroitatăți,t,i,eroitaTi,eroitat͡sj,eroitatət͡si,IPA_SEGMENT_MISMATCH,
etanșeitate,etanșeități,t,i,etanʃeitaTi,etanʃeitat͡sj,etanʃeitət͡si,IPA_SEGMENT_MISMATCH,
etate,etăți,t,i,etaTi,etat͡sj,etət͡si,IPA_SEGMENT_MISMATCH,
eternitate,eternități,t,i,eternitaTi,eternitat͡sj,eternitət͡si,IPA_SEGMENT_MISMATCH,
etnicitate,etnicități,t,i,etnit͡ʃitaTi,etnit͡ʃitat͡sj,etnit͡ʃitət͡si,IPA_SEGMENT_MISMATCH,
eurobancă,eurobănci,c,i,eurobanKi,eurobant͡ʃj,eurobənt͡ʃi,IPA_SEGMENT_MISMATCH,
europeancă,europence,c,e,europeanKe,europeant͡ʃe,europent͡ʃe,IPA_SEGMENT_MISMATCH,
evazivitate,evazivitatăți,t,i,evazivitaTi,evazivitat͡sj,evazivitatət͡si,IPA_SEGMENT_MISMATCH,
eventualitate,eventualități,t,i,eventualitaTi,eventualitat͡sj,eventualitət͡si,IPA_SEGMENT_MISMATCH,
evghenitate,evghenități,t,i,evɡenitaTi,evɡenitat͡sj,evɡenitət͡si,IPA_SEGMENT_MISMATCH,
evreică,evreice,c,e,evrejKe,evrejt͡ʃe,evreit͡ʃe,IPA_SEGMENT_MISMATCH,
exactitate,exactități,t,i,eɡzaktitaTi,eɡzaktitat͡sj,eksaktitət͡si,IPA_SEGMENT_MISMATCH,
excentricitate,excentricități,t,i,ekst͡ʃentrit͡ʃitaTi,ekst͡ʃentrit͡ʃitat͡sj,ekst͡ʃentrit͡ʃitət͡si,IPA_SEGMENT_MISMATCH,
excesivitate,excesivități,t,i,ekst͡ʃesivitaTi,ekst͡ʃesivitat͡sj,ekst͡ʃesivitət͡si,IPA_SEGMENT_MISMATCH,
excluzivitate,excluzivități,t,i,ekskluzivitaTi,ekskluzivitat͡sj,ekskluzivitət͡si,IPA_SEGMENT_MISMATCH,
expansibilitate,expansibilități,t,i,ekspansibilitaTi,ekspansibilitat͡sj,ekspansibilitət͡si,IPA_SEGMENT_MISMATCH,
explozivitate,explozivități,t,i,eksplozivitaTi,eksplozivitat͡sj,eksplozivitət͡si,IPA_SEGMENT_MISMATCH,
extremitate,extremități,t,i,ekstremitaTi,ekstremitat͡sj,ekstremitət͡si,IPA_SEGMENT_MISMATCH,
facilitate,facilități,t,i,fat͡ʃilitaTi,fat͡ʃilitat͡sj,fat͡ʃilitət͡si,IPA_SEGMENT_MISMATCH,
facultate,facultăți,t,i,fakultaTi,fakultat͡sj,fakultət͡si,IPA_SEGMENT_MISMATCH,
failibilitate,failibilitatăți,t,i,failibilitaTi,failibilitat͡sj,failibilitatət͡si,IPA_SEGMENT_MISMATCH,
falcă,fălci,c,i,falKi,falt͡ʃj,fəlt͡ʃi,IPA_SEGMENT_MISMATCH,
falsitate,falsități,t,i,falsitaTi,falsitat͡sj,falsitət͡si,IPA_SEGMENT_MISMATCH,
familiaritate,familiarități,t,i,familiaritaTi,familiaritat͡sj,familiaritət͡si,IPA_SEGMENT_MISMATCH,
fantasticitate,fantasticitatăți,t,i,fantastit͡ʃitaTi,fantastit͡ʃitat͡sj,fantastit͡ʃitatət͡si,IPA_SEGMENT_MISMATCH,
fatalitate,fatalități,t,i,fatalitaTi,fatalitat͡sj,fatalitət͡si,IPA_SEGMENT_MISMATCH,
fată,fete,t,e,fate,fate,fete,IPA_SEGMENT_MISMATCH,
fecioarică,feciorele,c,e,fet͡ʃioariKe,fet͡ʃioarit͡ʃe,fet͡ʃiorele,ICA_SUPPLETION,
feciorică,feciorele,c,e,fet͡ʃioriKe,fet͡ʃiorit͡ʃe,fet͡ʃiorele,ICA_SUPPLETION,
feldspat,feldspați,t,i,fəlspaTi,fəlspat͡sj,feldspat͡si,IPA_SEGMENT_MISMATCH,
feliușag,feliușaguri,g,uri,feljuʃaɡuri,feljuʃaɡurj,feliuʃaɡuri,IPA_SEGMENT_MISMATCH,
fereastă,ferești,s,i,fereaSTi,fereaʃtj,fereʃti,IPA_SEGMENT_MISMATCH,st(ă)+i
ferestruică,ferestruici,c,i,ferestrujKi,ferestrujt͡ʃj,ferestruit͡ʃi,IPA_SEGMENT_MISMATCH,
ferestuică,ferestuici,c,i,ferestujKi,ferestujt͡ʃj,ferestuit͡ʃi,IPA_SEGMENT_MISMATCH,
fermecătoreasă,fermecătorese,s,e,fermekətorease,fermekətorease,fermekətorese,IPA_SEGMENT_MISMATCH,
fermentescibilitate,fermentescibilitatăți,t,i,fermentest͡ʃibilitaTi,fermentest͡ʃibilitat͡sj,fermentest͡ʃibilitatət͡si,IPA_SEGMENT_MISMATCH,
fertilitate,fertilități,t,i,fertilitaTi,fertilitat͡sj,fertilitət͡si,IPA_SEGMENT_MISMATCH,
festivitate,festivități,t,i,festivitaTi,festivitat͡sj,festivitət͡si,IPA_SEGMENT_MISMATCH,
fierturică,fierturici,c,i,fjerturiKi,fjerturit͡ʃj,fierturit͡ʃi,IPA_SEGMENT_MISMATCH,
fierăreasă,fierărese,s,e,fierərease,fierərease,fierərese,IPA_SEGMENT_MISMATCH,
fiică,fiice,c,e,fijKe,fijt͡ʃe,fiit͡ʃe,IPA_SEGMENT_MISMATCH,
filimică,filimele,c,e,filimiKe,filimit͡ʃe,filimele,ICA_SUPPLETION,
filisteancă,filistence,c,e,filisteanKe,filisteant͡ʃe,filistent͡ʃe,IPA_SEGMENT_MISMATCH,
finitate,finități,t,i,finitaTi,finitat͡sj,finitət͡si,IPA_SEGMENT_MISMATCH,
fionc,fioncuri,c,uri,fjonkuri,fjonkurj,fionkuri,IPA_SEGMENT_MISMATCH,
fiorint,fiorinți,t,i,fjorinTi,fjorint͡sj,fiorint͡si,IPA_SEGMENT_MISMATCH,
fițoaică,fițoaice,c,e,fit͡soajKe,fit͡soajt͡ʃe,fit͡soait͡ʃe,IPA_SEGMENT_MISMATCH,
fițuică,fițuici,c,i,fit͡sujKi,fit͡sujt͡ʃj,fit͡suit͡ʃi,IPA_SEGMENT_MISMATCH,
flaimoc,flaimoci,c,i,flajmoKi,flajmot͡ʃj,flaimot͡ʃi,IPA_SEGMENT_MISMATCH,
flamingo,flamingi,g,i,flaminɡoi,flaminɡoi,flamind͡ʒi,UNKNOWN,
flancgardă,flancgărzi,d,i,flankɡarDi,flankɡarzj,flankɡərzi,IPA_SEGMENT_MISMATCH,
flatuozitate,flatuozitatăți,t,i,flatuozitaTi,flatuozitat͡sj,flatuozitatət͡si,IPA_SEGMENT_MISMATCH,
flașnetă,flașnete,t,e,flaʃnete,flaʃnete,flaʃnete,UNKNOWN,
fleancă,flenci,c,i,fleanKi,fleant͡ʃj,flent͡ʃi,IPA_SEGMENT_MISMATCH,
fleică,fleici,c,i,flejKi,flejt͡ʃj,fleit͡ʃi,IPA_SEGMENT_MISMATCH,
flexuozitate,flexuozitatăți,t,i,fleksuozitaTi,fleksuozitat͡sj,fleksuozitatət͡si,IPA_SEGMENT_MISMATCH,
flocoșică,flocoșele,c,e,flokoʃiKe,flokoʃit͡ʃe,flokoʃele,ICA_SUPPLETION,
florăreasă,florărese,s,e,florərease,florərease,florərese,IPA_SEGMENT_MISMATCH,
flotabilitate,flotabilități,t,i,flotabilitaTi,flotabilitat͡sj,flotabilitət͡si,IPA_SEGMENT_MISMATCH,
fluierat,fluierături,t,uri,flujeraturi,flujeraturj,fluierəturi,IPA_SEGMENT_MISMATCH,
flămânzică,flămânzele,c,e,fləmɨnziKe,fləmɨnzit͡ʃe,fləmɨnzele,ICA_SUPPLETION,
foca,foci,c,i,fokai,fokai,fot͡ʃi,UNKNOWN,
focșăneancă,focșănence,c,e,fokʃəneanKe,fokʃəneant͡ʃe,fokʃənent͡ʃe,IPA_SEGMENT_MISMATCH,
fofează,fofeze,z,e,fofeaze,fofeaze,fofeze,IPA_SEGMENT_MISMATCH,
foițică,foițele,c,e,foit͡siKe,foit͡sit͡ʃe,foit͡sele,ICA_SUPPLETION,
folicică,folicicele,c,e,folit͡ʃiKe,folit͡ʃit͡ʃe,folit͡ʃit͡ʃele,ICA_SUPPLETION,
folos,foloase,s,e,folose,folose,foloase,IPA_SEGMENT_MISMATCH,
forfet,forfeturi,t,uri,furfeturi,furfeturj,forfeturi,IPA_SEGMENT_MISMATCH,
formalitate,formalități,t,i,formalitaTi,formalitat͡sj,formalitət͡si,IPA_SEGMENT_MISMATCH,
fort,forturi,t,uri,foəturi,foəturj,forturi,IPA_SEGMENT_MISMATCH,
fosfat,fosfați,t,i,fusfaTi,fusfat͡sj,fosfat͡si,IPA_SEGMENT_MISMATCH,
fotohartă,fotohărți,t,i,fotoharTi,fotohart͡sj,fotohərt͡si,IPA_SEGMENT_MISMATCH,
foșnet,foșnete,t,e,foʃnete,foʃnete,foʃnete,UNKNOWN,
franzelăreasă,franzelărese,s,e,franzelərease,franzelərease,franzelərese,IPA_SEGMENT_MISMATCH,
franțuz,franțuji,z,i,frant͡suzi,frant͡suzj,frant͡suʒi,UNKNOWN,
franțușcă,franțuște,c,e,,,frant͡suʃte,UNKNOWN,
fraternitate,fraternități,t,i,fraternitaTi,fraternitat͡sj,fraternitət͡si,IPA_SEGMENT_MISMATCH,
frașcă,frăști,c,i,fraʃKi,fraʃtj,frəʃti,SHCA_CLUSTER_DATA,
frigăruică,frigăruici,c,i,friɡərujKi,friɡərujt͡ʃj,friɡəruit͡ʃi,IPA_SEGMENT_MISMATCH,
frivolitate,frivolități,t,i,frivolitaTi,frivolitat͡sj,frivolitət͡si,IPA_SEGMENT_MISMATCH,
frișcă,friști,c,i,friʃKi,friʃtj,friʃti,SHCA_CLUSTER_DATA,
frontogeneză,frontogeneze,z,e,frontoɡeneze,frontoɡeneze,frontod͡ʒeneze,IPA_SEGMENT_MISMATCH,
frunticică,frunticicele,c,e,fruntit͡ʃiKe,fruntit͡ʃit͡ʃe,fruntit͡ʃit͡ʃele,ICA_SUPPLETION,
frățânătate,frățânătatăți,t,i,frət͡sɨnətaTi,frət͡sɨnətat͡sj,frət͡sɨnətatət͡si,IPA_SEGMENT_MISMATCH,
fugozitate,fugozitatăți,t,i,fuɡozitaTi,fuɡozitat͡sj,fuɡozitatət͡si,IPA_SEGMENT_MISMATCH,
fungozitate,fungozitatăți,t,i,funɡozitaTi,funɡozitat͡sj,funɡozitatət͡si,IPA_SEGMENT_MISMATCH,
funicică,funicicele,c,e,funit͡ʃiKe,funit͡ʃit͡ʃe,funit͡ʃit͡ʃele,ICA_SUPPLETION,
futilitate,futilități,t,i,futilitaTi,futilitat͡sj,futilitət͡si,IPA_SEGMENT_MISMATCH,
făgărășeancă,făgărășence,c,e,fəɡərəʃeanKe,fəɡərəʃeant͡ʃe,fəɡərəʃent͡ʃe,IPA_SEGMENT_MISMATCH,
făinăreasă,făinărese,s,e,fəinərease,fəinərease,fəinərese,IPA_SEGMENT_MISMATCH,
fălticeneancă,fălticenence,c,e,fəltit͡ʃeneanKe,fəltit͡ʃeneant͡ʃe,fəltit͡ʃenent͡ʃe,IPA_SEGMENT_MISMATCH,
fălticineancă,fălticinence,c,e,fəltit͡ʃineanKe,fəltit͡ʃineant͡ʃe,fəltit͡ʃinent͡ʃe,IPA_SEGMENT_MISMATCH,
fărâmăturică,fărâmăturele,c,e,fərɨməturiKe,fərɨməturit͡ʃe,fərɨməturele,ICA_SUPPLETION,
făt,feți,t,i,fəTi,fət͡sj,fet͡si,IPA_SEGMENT_MISMATCH,
fătuică,fătuici,c,i,fətujKi,fətujt͡ʃj,fətuit͡ʃi,IPA_SEGMENT_MISMATCH,
făurăreasă,făurărese,s,e,fəurərease,fəurərease,fəurərese,IPA_SEGMENT_MISMATCH,
gaidă,gaide,d,e,ɡajde,ɡajde,ɡaide,IPA_SEGMENT_MISMATCH,
gardă,gărzi,d,i,ɡarDi,ɡarzj,ɡərzi,IPA_SEGMENT_MISMATCH,
gavanos,gavanoase,s,e,ɡavanose,ɡavanose,ɡavanoase,IPA_SEGMENT_MISMATCH,
gașcă,găști,c,i,ɡaʃKi,ɡaʃtj,ɡəʃti,SHCA_CLUSTER_DATA,
geambașlâc,geambașlâcuri,c,uri,d͡ʒambaʃlɨkuri,d͡ʒambaʃlɨkurj,d͡ʒambaʃlɨkuri,UNKNOWN,
geantă,genți,t,i,d͡ʒeanTi,d͡ʒeant͡sj,d͡ʒent͡si,IPA_SEGMENT_MISMATCH,
gelat,gelați,t,i,ʒəlaTi,ʒəlat͡sj,d͡ʒelat͡si,IPA_SEGMENT_MISMATCH,
gemelitate,gemelitatăți,t,i,d͡ʒemelitaTi,d͡ʒemelitat͡sj,d͡ʒemelitatət͡si,IPA_SEGMENT_MISMATCH,
gemet,gemete,t,e,jemete,jemete,d͡ʒemete,IPA_SEGMENT_MISMATCH,
generalitate,generalități,t,i,d͡ʒeneralitaTi,d͡ʒeneralitat͡sj,d͡ʒeneralitət͡si,IPA_SEGMENT_MISMATCH,
generozitate,generozități,t,i,d͡ʒenerozitaTi,d͡ʒenerozitat͡sj,d͡ʒenerozitət͡si,IPA_SEGMENT_MISMATCH,
generăleasă,generălese,s,e,d͡ʒenerəlease,d͡ʒenerəlease,d͡ʒenerəlese,IPA_SEGMENT_MISMATCH,
geolog,geologi,g,i,d͡ʒeoloGi,d͡ʒeolod͡ʒj,d͡ʒolod͡ʒi,IPA_SEGMENT_MISMATCH,
geologă,geologe,g,e,d͡ʒeoloGe,d͡ʒeolod͡ʒe,d͡ʒolod͡ʒe,IPA_SEGMENT_MISMATCH,
ghaneză,ghaneze,z,e,ɡaneze,ɡaneze,ɡhaneze,IPA_SEGMENT_MISMATCH,
gheată,ghete,t,e,ɡeate,ɡeate,ɡete,IPA_SEGMENT_MISMATCH,
ghemotoc,ghemotoace,c,e,ɡemotoKe,ɡemotot͡ʃe,ɡemotoat͡ʃe,IPA_SEGMENT_MISMATCH,
gheomotoc,gheomotoace,c,e,ɡeomotoKe,ɡeomotot͡ʃe,ɡeomotoat͡ʃe,IPA_SEGMENT_MISMATCH,
ghetou,ghetouri,t,uri,ɡetowuri,ɡetowurj,ɡetouri,IPA_SEGMENT_MISMATCH,
ghicitoreasă,ghicitorese,s,e,ɡit͡ʃitorease,ɡit͡ʃitorease,ɡit͡ʃitorese,IPA_SEGMENT_MISMATCH,
ghidușlâc,ghidușlâcuri,c,uri,ɡiduʃlɨkuri,ɡiduʃlɨkurj,ɡiduʃlɨkuri,UNKNOWN,
ghiomotoc,ghiomotoace,c,e,ɡiomotoKe,ɡiomotot͡ʃe,ɡiomotoat͡ʃe,IPA_SEGMENT_MISMATCH,
ghiont,ghionturi,t,uri,ɡjonturi,ɡjonturj,ɡionturi,IPA_SEGMENT_MISMATCH,
ghiordeică,ghiordeici,c,i,ɡiordejKi,ɡiordejt͡ʃj,ɡiordeit͡ʃi,IPA_SEGMENT_MISMATCH,
ghireată,ghirete,t,e,ɡireate,ɡireate,ɡirete,IPA_SEGMENT_MISMATCH,
giletcă,giletci,c,i,d͡ʒileTKi,d͡ʒilet͡st͡ʃj,d͡ʒilett͡ʃi,IPA_SEGMENT_MISMATCH,
gineroaică,gineroaice,c,e,d͡ʒineroajKe,d͡ʒineroajt͡ʃe,d͡ʒineroait͡ʃe,IPA_SEGMENT_MISMATCH,
giudecată,giudecăți,t,i,d͡ʒiudekaTi,d͡ʒiudekat͡sj,d͡ʒiudekət͡si,IPA_SEGMENT_MISMATCH,
giumbușluc,giumbușlucuri,c,uri,d͡ʒiumbuʃlukuri,d͡ʒiumbuʃlukurj,d͡ʒiumbuʃlukuri,UNKNOWN,
giurământ,giurăminte,t,e,d͡ʒiurəmɨnte,d͡ʒiurəmɨnte,d͡ʒiurəminte,IPA_SEGMENT_MISMATCH,
giuvaiergereasă,giuvaiergerese,s,e,d͡ʒiuvaierd͡ʒerease,d͡ʒiuvaierd͡ʒerease,d͡ʒiuvaierd͡ʒerese,IPA_SEGMENT_MISMATCH,
giușcă,giuște,c,e,d͡ʒiuʃKe,d͡ʒiuʃte,d͡ʒiuʃte,UNKNOWN,
gorjeancă,gorjence,c,e,ɡorʒeanKe,ɡorʒeant͡ʃe,ɡorʒent͡ʃe,IPA_SEGMENT_MISMATCH,
gorniceasă,gornicese,s,e,ɡornit͡ʃase,ɡornit͡ʃase,ɡornit͡ʃese,IPA_SEGMENT_MISMATCH,
gospojdă,gospojde,d,e,ɡospoʒde,ɡospoʒde,ɡospoʒde,UNKNOWN,
gotcă,gotci,c,i,ɡoTKi,ɡot͡st͡ʃj,ɡott͡ʃi,IPA_SEGMENT_MISMATCH,
grajd,grajduri,d,uri,ɡraʒduri,ɡraʒdurj,ɡraʒduri,UNKNOWN,
grandiozitate,grandiozități,t,i,ɡrandiozitaTi,ɡrandiozitat͡sj,ɡrandiozitət͡si,IPA_SEGMENT_MISMATCH,
granulozitate,granulozități,t,i,ɡranulozitaTi,ɡranulozitat͡sj,ɡranulozitət͡si,IPA_SEGMENT_MISMATCH,
gratuitate,gratuități,t,i,ɡratuitaTi,ɡratuitat͡sj,ɡratuitət͡si,IPA_SEGMENT_MISMATCH,
grațiozitate,grațiozități,t,i,ɡrat͡siozitaTi,ɡrat͡siozitat͡sj,ɡrat͡siozitət͡si,IPA_SEGMENT_MISMATCH,
greacă,grece,c,e,ɡreaKe,ɡreat͡ʃe,ɡret͡ʃe,IPA_SEGMENT_MISMATCH,
grecoaică,grecoaice,c,e,ɡrekoajKe,ɡrekoajt͡ʃe,ɡrekoait͡ʃe,IPA_SEGMENT_MISMATCH,
greutate,greutăți,t,i,ɡreutaTi,ɡreutat͡sj,ɡreutət͡si,IPA_SEGMENT_MISMATCH,
gropăreasă,gropărese,s,e,ɡropərease,ɡropərease,ɡropərese,IPA_SEGMENT_MISMATCH,
grunz,grunji,z,i,,,ɡrunʒi,UNKNOWN,
grădinăreasă,grădinărese,s,e,ɡrədinərease,ɡrədinərease,ɡrədinərese,IPA_SEGMENT_MISMATCH,
grămadă,grămezi,d,i,ɡrəmaDi,ɡrəmazj,ɡrəmezi,IPA_SEGMENT_MISMATCH,
guguștiuc,guguștiuci,c,i,ɡuɡuʃtjuKi,ɡuɡuʃtjut͡ʃj,ɡuɡuʃtiut͡ʃi,IPA_SEGMENT_MISMATCH,
guricică,guricicele,c,e,ɡurit͡ʃiKe,ɡurit͡ʃit͡ʃe,ɡurit͡ʃit͡ʃele,ICA_SUPPLETION,
gustărică,gustarici,c,i,ɡustəriKi,ɡustərit͡ʃj,ɡustarit͡ʃi,IPA_SEGMENT_MISMATCH,
guvernământ,guvernăminte,t,e,ɡuvernəmɨnte,ɡuvernəmɨnte,ɡuvernəminte,IPA_SEGMENT_MISMATCH,
gușteroaică,gușteroaice,c,e,ɡuʃteroajKe,ɡuʃteroajt͡ʃe,ɡuʃteroait͡ʃe,IPA_SEGMENT_MISMATCH,
găinușcă,găinuște,c,e,ɡəinuʃKe,ɡəinuʃte,ɡəinuʃte,UNKNOWN,
găinăreasă,găinărese,s,e,ɡəinərease,ɡəinərease,ɡəinərese,IPA_SEGMENT_MISMATCH,
gălbează,gălbeze,z,e,ɡəlbeaze,ɡəlbeaze,ɡəlbeze,IPA_SEGMENT_MISMATCH,
gălbenică,gălbele,c,e,ɡəlbeniKe,ɡəlbenit͡ʃe,ɡəlbele,ICA_SUPPLETION,
găleată,găleți,t,i,ɡəleaTi,ɡəleat͡sj,ɡəlet͡si,IPA_SEGMENT_MISMATCH,
găletăreasă,găletărese,s,e,ɡəletərease,ɡəletərease,ɡəletərese,IPA_SEGMENT_MISMATCH,
gălușcă,găluște,c,e,ɡəluʃKe,ɡəluʃte,ɡəluʃte,UNKNOWN,
gălămoz,gălămoaze,z,e,ɡələmoze,ɡələmoze,ɡələmoaze,IPA_SEGMENT_MISMATCH,
găunășită,găunășițe,t,e,ɡəunəʃite,ɡəunəʃite,ɡəunəʃit͡se,IPA_SEGMENT_MISMATCH,
găvozd,găvoazde,d,e,ɡəvozde,ɡəvozde,ɡəvoazde,IPA_SEGMENT_MISMATCH,
găzdoaică,găzdoaice,c,e,ɡəzdoajKe,ɡəzdoajt͡ʃe,ɡəzdoait͡ʃe,IPA_SEGMENT_MISMATCH,
haciendă,haciende,d,e,hasijende,hasijende,hat͡ʃiende,IPA_SEGMENT_MISMATCH,
haiduc,haiduci,c,i,hajduKi,hajdut͡ʃj,haidut͡ʃi,IPA_SEGMENT_MISMATCH,
haită,haite,t,e,hajte,hajte,haite,IPA_SEGMENT_MISMATCH,
halcă,hălci,c,i,halKi,halt͡ʃj,həlt͡ʃi,IPA_SEGMENT_MISMATCH,
halușcă,halușce,c,e,haluʃKe,haluʃte,haluʃt͡ʃe,IPA_SEGMENT_MISMATCH,
hamit,hamiți,t,i,heməTi,hemət͡sj,hamit͡si,IPA_SEGMENT_MISMATCH,
hangioaică,hangioaice,c,e,hand͡ʒioajKe,hand͡ʒioajt͡ʃe,hand͡ʒioait͡ʃe,IPA_SEGMENT_MISMATCH,
harbuz,harbuji,z,i,harbuzi,harbuzj,harbuʒi,UNKNOWN,
harghiteancă,harghitence,c,e,harɡiteanKe,harɡiteant͡ʃe,harɡitent͡ʃe,IPA_SEGMENT_MISMATCH,
hartă,hărți,t,i,harTi,hart͡sj,hərt͡si,IPA_SEGMENT_MISMATCH,
hemoroid,hemoroizi,d,i,hemorojDi,hemorojzj,hemoroizi,IPA_SEGMENT_MISMATCH,
hiat,hiaturi,t,uri,jaturi,jaturj,hiaturi,IPA_SEGMENT_MISMATCH,
hibriditate,hibridități,t,i,hibriditaTi,hibriditat͡sj,hibriditət͡si,IPA_SEGMENT_MISMATCH,
hingheroaică,hingheroaice,c,e,hinɡeroajKe,hinɡeroajt͡ʃe,hinɡeroait͡ʃe,IPA_SEGMENT_MISMATCH,
hipersensibilitate,hipersensibilități,t,i,hipersensibilitaTi,hipersensibilitat͡sj,hipersensibilitət͡si,IPA_SEGMENT_MISMATCH,
hipoaciditate,hipoacidități,t,i,hipoat͡ʃiditaTi,hipoat͡ʃiditat͡sj,hipoat͡ʃiditət͡si,IPA_SEGMENT_MISMATCH,
hiposensibilitate,hiposensibilități,t,i,hiposensibilitaTi,hiposensibilitat͡sj,hiposensibilitət͡si,IPA_SEGMENT_MISMATCH,
hoașcă,hoaște,c,e,hoaʃKe,hoaʃte,hoaʃte,UNKNOWN,
horboțică,horboțele,c,e,,,horbot͡sele,ICA_SUPPLETION,
horezeancă,horezence,c,e,horezeanKe,horezeant͡ʃe,horezent͡ʃe,IPA_SEGMENT_MISMATCH,
hoștează,hoșteze,z,e,hoʃteaze,hoʃteaze,hoʃteze,UNKNOWN,
hrincă,hrinși,c,i,hrinKi,hrint͡ʃj,hrinʃi,IPA_SEGMENT_MISMATCH,
hristianitate,hristianitatăți,t,i,hristianitaTi,hristianitat͡sj,hristianitatət͡si,IPA_SEGMENT_MISMATCH,
hrișcă,hriști,c,i,hriʃKi,hriʃtj,hriʃti,SHCA_CLUSTER_DATA,
huiet,huiete,t,e,hujete,hujete,huiete,IPA_SEGMENT_MISMATCH,
humoreancă,humorence,c,e,humoreanKe,humoreant͡ʃe,humorent͡ʃe,IPA_SEGMENT_MISMATCH,
hunedoreancă,hunedorence,c,e,hunedoreanKe,hunedoreant͡ʃe,hunedorent͡ʃe,IPA_SEGMENT_MISMATCH,
hușeancă,hușence,c,e,huʃeanKe,huʃeant͡ʃe,huʃent͡ʃe,IPA_SEGMENT_MISMATCH,
hârșoveancă,hârșovence,c,e,hɨrʃoveanKe,hɨrʃoveant͡ʃe,hɨrʃovent͡ʃe,IPA_SEGMENT_MISMATCH,
hăitușcă,hăituște,c,e,həjtuʃKe,həjtuʃte,həituʃte,UNKNOWN,
hătmăneasă,hătmănese,s,e,hətmənease,hətmənease,hətmənese,IPA_SEGMENT_MISMATCH,
iac,iaci,c,i,jaKi,jat͡ʃj,iat͡ʃi,IPA_SEGMENT_MISMATCH,
iad,iaduri,d,uri,jaduri,jadurj,iaduri,IPA_SEGMENT_MISMATCH,
iadă,iede,d,e,jade,jade,iede,IPA_SEGMENT_MISMATCH,
iarmaroc,iarmaroace,c,e,iarmaroKe,iarmarot͡ʃe,iarmaroat͡ʃe,IPA_SEGMENT_MISMATCH,
iască,iești,s,i,jaSKi,jaʃtj,ieʃti,IPA_SEGMENT_MISMATCH,sc(ă)+i
iaurt,iaurturi,t,uri,jaurturi,jaurturj,iaurturi,IPA_SEGMENT_MISMATCH,
iașmac,iașmace,c,e,jaʃmaKe,jaʃmat͡ʃe,iaʃmat͡ʃe,IPA_SEGMENT_MISMATCH,
identitate,identități,t,i,identitaTi,identitat͡sj,identitət͡si,IPA_SEGMENT_MISMATCH,
idoloaică,idoloaice,c,e,idoloajKe,idoloajt͡ʃe,idoloait͡ʃe,IPA_SEGMENT_MISMATCH,
ied,iezi,d,i,jeDi,jezj,iezi,IPA_SEGMENT_MISMATCH,
iepuroaică,iepuroaice,c,e,jepuroajKe,jepuroajt͡ʃe,iepuroait͡ʃe,IPA_SEGMENT_MISMATCH,
ierboaică,ierboaice,c,e,ierboajKe,ierboajt͡ʃe,ierboait͡ʃe,IPA_SEGMENT_MISMATCH,
iermonac,iermonaci,c,i,jermonaKi,jermonat͡ʃj,iermonat͡ʃi,IPA_SEGMENT_MISMATCH,
iernat,iernaturi,t,uri,jernaturi,jernaturj,iernaturi,IPA_SEGMENT_MISMATCH,
iernatic,iernatice,c,e,jernatiKe,jernatit͡ʃe,iernatit͡ʃe,IPA_SEGMENT_MISMATCH,
iezuit,iezuiți,t,i,jezuiTi,jezuit͡sj,iezuit͡si,IPA_SEGMENT_MISMATCH,
ieșeancă,ieșence,c,e,jeʃeanKe,jeʃeant͡ʃe,ieʃent͡ʃe,IPA_SEGMENT_MISMATCH,
ieșind,ieșinduri,d,uri,jeʃinduri,jeʃindurj,ieʃinduri,IPA_SEGMENT_MISMATCH,
ilegalitate,ilegalități,t,i,ileɡalitaTi,ileɡalitat͡sj,ileɡalitət͡si,IPA_SEGMENT_MISMATCH,
ilfoveancă,ilfovence,c,e,ilfoveanKe,ilfoveant͡ʃe,ilfovent͡ʃe,IPA_SEGMENT_MISMATCH,
imbecilitate,imbecilități,t,i,imbet͡ʃilitaTi,imbet͡ʃilitat͡sj,imbet͡ʃilitət͡si,IPA_SEGMENT_MISMATCH,
imensitate,imensități,t,i,imensitaTi,imensitat͡sj,imensitət͡si,IPA_SEGMENT_MISMATCH,
imoralitate,imoralități,t,i,imoralitaTi,imoralitat͡sj,imoralitət͡si,IPA_SEGMENT_MISMATCH,
imperisabilitate,imperisabilități,t,i,imperisabilitaTi,imperisabilitat͡sj,imperisabilitət͡si,IPA_SEGMENT_MISMATCH,
impietate,impietăți,t,i,impietaTi,impietat͡sj,impietət͡si,IPA_SEGMENT_MISMATCH,
imposibilitate,imposibilități,t,i,imposibilitaTi,imposibilitat͡sj,imposibilitət͡si,IPA_SEGMENT_MISMATCH,
improbabilitate,improbabilități,t,i,improbabilitaTi,improbabilitat͡sj,improbabilitət͡si,IPA_SEGMENT_MISMATCH,
improbitate,improbități,t,i,improbitaTi,improbitat͡sj,improbitət͡si,IPA_SEGMENT_MISMATCH,
improductivitate,improductivități,t,i,improduktivitaTi,improduktivitat͡sj,improduktivitət͡si,IPA_SEGMENT_MISMATCH,
improprietate,improprietăți,t,i,improprietaTi,improprietat͡sj,improprietət͡si,IPA_SEGMENT_MISMATCH,
impuritate,impurități,t,i,impuritaTi,impuritat͡sj,impuritət͡si,IPA_SEGMENT_MISMATCH,
incisivitate,incisivități,t,i,int͡ʃisivitaTi,int͡ʃisivitat͡sj,int͡ʃisivitət͡si,IPA_SEGMENT_MISMATCH,
inconciliabilitate,inconciliabilități,t,i,inkont͡ʃiliabilitaTi,inkont͡ʃiliabilitat͡sj,inkont͡ʃiliabilitət͡si,IPA_SEGMENT_MISMATCH,
incorectitate,incorectitatăți,t,i,inkorektitaTi,inkorektitat͡sj,inkorektitatət͡si,IPA_SEGMENT_MISMATCH,
incuriozitate,incuriozitatăți,t,i,inkuriozitaTi,inkuriozitat͡sj,inkuriozitatət͡si,IPA_SEGMENT_MISMATCH,
indemnitate,indemnități,t,i,indemnitaTi,indemnitat͡sj,indemnitət͡si,IPA_SEGMENT_MISMATCH,
indestructibilitate,indestructibilități,t,i,indestruktibilitaTi,indestruktibilitat͡sj,indestruktibilitət͡si,IPA_SEGMENT_MISMATCH,
indiancă,indience,c,e,indianKe,indiant͡ʃe,indient͡ʃe,IPA_SEGMENT_MISMATCH,
indigou,indigouri,g,uri,indiɡouuri,indiɡouurj,indiɡouri,IPA_SEGMENT_MISMATCH,
indisolubilitate,indisolubilități,t,i,indisolubilitaTi,indisolubilitat͡sj,indisolubilitət͡si,IPA_SEGMENT_MISMATCH,
indisponibilitate,indisponibilități,t,i,indisponibilitaTi,indisponibilitat͡sj,indisponibilitət͡si,IPA_SEGMENT_MISMATCH,
individualitate,individualități,t,i,individualitaTi,individualitat͡sj,individualitət͡si,IPA_SEGMENT_MISMATCH,
indoneziancă,indonezience,c,e,indonezianKe,indoneziant͡ʃe,indonezient͡ʃe,IPA_SEGMENT_MISMATCH,
inechitate,inechități,t,i,inekitaTi,inekitat͡sj,inekitət͡si,IPA_SEGMENT_MISMATCH,
ineficacitate,ineficacități,t,i,inefikat͡ʃitaTi,inefikat͡ʃitat͡sj,inefikat͡ʃitət͡si,IPA_SEGMENT_MISMATCH,
inegalitate,inegalități,t,i,ineɡalitaTi,ineɡalitat͡sj,ineɡalitət͡si,IPA_SEGMENT_MISMATCH,
inepuizabilitate,inepuizabilitatăți,t,i,inepuizabilitaTi,inepuizabilitat͡sj,inepuizabilitatət͡si,IPA_SEGMENT_MISMATCH,
inexactitate,inexactități,t,i,ineɡzaktitaTi,ineɡzaktitat͡sj,ineksaktitət͡si,IPA_SEGMENT_MISMATCH,
infalibilitate,infalibilități,t,i,infalibilitaTi,infalibilitat͡sj,infalibilitət͡si,IPA_SEGMENT_MISMATCH,
infecțiozitate,infecțiozități,t,i,infekt͡siozitaTi,infekt͡siozitat͡sj,infekt͡siozitət͡si,IPA_SEGMENT_MISMATCH,
inferioritate,inferiorități,t,i,inferioritaTi,inferioritat͡sj,inferioritət͡si,IPA_SEGMENT_MISMATCH,
infidelitate,infidelități,t,i,infidelitaTi,infidelitat͡sj,infidelitət͡si,IPA_SEGMENT_MISMATCH,
infinitate,infinități,t,i,infinitaTi,infinitat͡sj,infinitət͡si,IPA_SEGMENT_MISMATCH,
informitate,informitatăți,t,i,informitaTi,informitat͡sj,informitatət͡si,IPA_SEGMENT_MISMATCH,
ingeniozitate,ingeniozități,t,i,ind͡ʒeniozitaTi,ind͡ʒeniozitat͡sj,ind͡ʒeniozitət͡si,IPA_SEGMENT_MISMATCH,
ingenuitate,ingenuități,t,i,ind͡ʒenuitaTi,ind͡ʒenuitat͡sj,ind͡ʒenuitət͡si,IPA_SEGMENT_MISMATCH,
inginereasă,inginerese,s,e,ind͡ʒinerease,ind͡ʒinerease,ind͡ʒinerese,IPA_SEGMENT_MISMATCH,
inhalant,inhalanți,t,i,inəlani,inəlanj,inhalant͡si,UNKNOWN,
inichitate,inichități,t,i,inikitaTi,inikitat͡sj,inikitət͡si,IPA_SEGMENT_MISMATCH,
inicvitate,inicvități,t,i,inikvitaTi,inikvitat͡sj,inikvitət͡si,IPA_SEGMENT_MISMATCH,
insanitate,insanități,t,i,insanitaTi,insanitat͡sj,insanitət͡si,IPA_SEGMENT_MISMATCH,
insecuritate,insecurități,t,i,insekuritaTi,insekuritat͡sj,insekuritət͡si,IPA_SEGMENT_MISMATCH,
insensibilitate,insensibilități,t,i,insensibilitaTi,insensibilitat͡sj,insensibilitət͡si,IPA_SEGMENT_MISMATCH,
insipiditate,insipidități,t,i,insipiditaTi,insipiditat͡sj,insipiditət͡si,IPA_SEGMENT_MISMATCH,
insociabilitate,insociabilități,t,i,insot͡ʃiabilitaTi,insot͡ʃiabilitat͡sj,insot͡ʃiabilitət͡si,IPA_SEGMENT_MISMATCH,
insolubilitate,insolubilități,t,i,insolubilitaTi,insolubilitat͡sj,insolubilitət͡si,IPA_SEGMENT_MISMATCH,
insolvabilitate,insolvabilități,t,i,insolvabilitaTi,insolvabilitat͡sj,insolvabilitət͡si,IPA_SEGMENT_MISMATCH,
instabilitate,instabilități,t,i,instabilitaTi,instabilitat͡sj,instabilitət͡si,IPA_SEGMENT_MISMATCH,
instrumentalitate,instrumentalități,t,i,instrumentalitaTi,instrumentalitat͡sj,instrumentalitət͡si,IPA_SEGMENT_MISMATCH,
intelectualitate,intelectualități,t,i,intelektualitaTi,intelektualitat͡sj,intelektualitət͡si,IPA_SEGMENT_MISMATCH,
intensitate,intensități,t,i,intensitaTi,intensitat͡sj,intensitət͡si,IPA_SEGMENT_MISMATCH,
intensivitate,intensivități,t,i,intensivitaTi,intensivitat͡sj,intensivitət͡si,IPA_SEGMENT_MISMATCH,
interioritate,inferiorități,t,i,interioritaTi,interioritat͡sj,inferioritət͡si,IPA_SEGMENT_MISMATCH,
internat,internate,t,e,intərnate,intərnate,internate,IPA_SEGMENT_MISMATCH,
internaționalitate,internaționalitatăți,t,i,internat͡sionalitaTi,internat͡sionalitat͡sj,internat͡sionalitatət͡si,IPA_SEGMENT_MISMATCH,
intrepiditate,intrepidități,t,i,intrepiditaTi,intrepiditat͡sj,intrepiditət͡si,IPA_SEGMENT_MISMATCH,
inutilitate,inutilități,t,i,inutilitaTi,inutilitat͡sj,inutilitət͡si,IPA_SEGMENT_MISMATCH,
invaliditate,invalidități,t,i,invaliditaTi,invaliditat͡sj,invaliditət͡si,IPA_SEGMENT_MISMATCH,
invariabilitate,invariabilități,t,i,invariabilitaTi,invariabilitat͡sj,invariabilitət͡si,IPA_SEGMENT_MISMATCH,
inventivitate,inventivități,t,i,inventivitaTi,inventivitat͡sj,inventivitət͡si,IPA_SEGMENT_MISMATCH,
invertit,invertiți,t,i,imbərtiTi,imbərtit͡sj,invertit͡si,IPA_SEGMENT_MISMATCH,
invincibilitate,invincibilități,t,i,invint͡ʃibilitaTi,invint͡ʃibilitat͡sj,invint͡ʃibilitət͡si,IPA_SEGMENT_MISMATCH,
inviolabilitate,inviolabilități,t,i,inviolabilitaTi,inviolabilitat͡sj,inviolabilitət͡si,IPA_SEGMENT_MISMATCH,
invitat,invitați,t,i,imbitaTi,imbitat͡sj,invitat͡si,IPA_SEGMENT_MISMATCH,
invizibilitate,invizibilități,t,i,invizibilitaTi,invizibilitat͡sj,invizibilitət͡si,IPA_SEGMENT_MISMATCH,
iobag,iobagi,g,i,jobaGi,jobad͡ʒj,iobad͡ʒi,IPA_SEGMENT_MISMATCH,
irascibilitate,irascibilități,t,i,irast͡ʃibilitaTi,irast͡ʃibilitat͡sj,irast͡ʃibilitət͡si,IPA_SEGMENT_MISMATCH,
irealitate,irealități,t,i,irealitaTi,irealitat͡sj,irealitət͡si,IPA_SEGMENT_MISMATCH,
ireflexivitate,ireflexivitatăți,t,i,irefleksivitaTi,irefleksivitat͡sj,irefleksivitatət͡si,IPA_SEGMENT_MISMATCH,
iregularitate,iregularități,t,i,ireɡularitaTi,ireɡularitat͡sj,ireɡularitət͡si,IPA_SEGMENT_MISMATCH,
iritabilitate,iritabilități,t,i,iritabilitaTi,iritabilitat͡sj,iritabilitət͡si,IPA_SEGMENT_MISMATCH,
ispisoc,ispisoace,c,e,ispisoKe,ispisot͡ʃe,ispisoat͡ʃe,IPA_SEGMENT_MISMATCH,
isprăvniceasă,isprăvnicese,s,e,isprəvnit͡ʃase,isprəvnit͡ʃase,isprəvnit͡ʃese,IPA_SEGMENT_MISMATCH,
itate,ități,t,i,itaTi,itat͡sj,itət͡si,IPA_SEGMENT_MISMATCH,
iubit,iubiți,t,i,jubiTi,jubit͡sj,iubit͡si,IPA_SEGMENT_MISMATCH,
iubită,iubite,t,e,jubite,jubite,iubite,IPA_SEGMENT_MISMATCH,
iubițică,iubițele,c,e,,,iubit͡sele,ICA_SUPPLETION,
iucunditate,iucunditatăți,t,i,iukunditaTi,iukunditat͡sj,iukunditatət͡si,IPA_SEGMENT_MISMATCH,
iudă,iude,d,e,jude,jude,iude,IPA_SEGMENT_MISMATCH,
iuxtă,iuxte,t,e,juKSTe,jukste,iukste,IPA_SEGMENT_MISMATCH,
iușcă,iuște,c,e,iuʃKe,iuʃte,iuʃte,UNKNOWN,
izvod,izvoade,d,e,izvode,izvode,izvoade,IPA_SEGMENT_MISMATCH,
jachețică,jachețele,c,e,,,ʒaket͡sele,ICA_SUPPLETION,
jacă,jăci,c,i,ʒaKi,ʒat͡ʃj,ʒət͡ʃi,IPA_SEGMENT_MISMATCH,
jad,jaduri,d,uri,jaduri,jadurj,ʒaduri,IPA_SEGMENT_MISMATCH,
jamaică,jamaice,c,e,ʒamajKe,ʒamajt͡ʃe,ʒamait͡ʃe,IPA_SEGMENT_MISMATCH,
jeregai,jeregaiuri,g,uri,ʒereɡajuri,ʒereɡajurj,ʒereɡaiuri,IPA_SEGMENT_MISMATCH,
jevroaică,jevroaice,c,e,ʒevroajKe,ʒevroajt͡ʃe,ʒevroait͡ʃe,IPA_SEGMENT_MISMATCH,
jiancă,jience,c,e,ʒianKe,ʒiant͡ʃe,ʒient͡ʃe,IPA_SEGMENT_MISMATCH,
jidoaică,jidoaice,c,e,ʒidoajKe,ʒidoajt͡ʃe,ʒidoait͡ʃe,IPA_SEGMENT_MISMATCH,
jidovoaică,jidovoaice,c,e,ʒidovoajKe,ʒidovoajt͡ʃe,ʒidovoait͡ʃe,IPA_SEGMENT_MISMATCH,
jigou,jigouri,g,uri,ʒiɡowuri,ʒiɡowurj,ʒiɡouri,IPA_SEGMENT_MISMATCH,
jiletcă,jiletci,c,i,ʒileTKi,ʒilet͡st͡ʃj,ʒilett͡ʃi,IPA_SEGMENT_MISMATCH,
jimblăreasă,jimblărese,s,e,ʒimblərease,ʒimblərease,ʒimblərese,IPA_SEGMENT_MISMATCH,
jitcă,jitci,c,i,ʒiTKi,ʒit͡st͡ʃj,ʒitt͡ʃi,IPA_SEGMENT_MISMATCH,
jităreasă,jitărese,s,e,ʒitərease,ʒitərease,ʒitərese,IPA_SEGMENT_MISMATCH,
joint,jointuri,t,uri,d͡ʒojnturi,d͡ʒojnturj,ʒointuri,IPA_SEGMENT_MISMATCH,
joseancă,josence,c,e,ʒoseanKe,ʒoseant͡ʃe,ʒosent͡ʃe,IPA_SEGMENT_MISMATCH,
jucărică,jucărele,c,e,ʒukəriKe,ʒukərit͡ʃe,ʒukərele,ICA_SUPPLETION,
judeceasă,judecese,s,e,ʒudet͡ʃase,ʒudet͡ʃase,ʒudet͡ʃese,IPA_SEGMENT_MISMATCH,
judecătoreasă,judecătorese,s,e,ʒudekətorease,ʒudekətorease,ʒudekətorese,IPA_SEGMENT_MISMATCH,
județeasă,județese,s,e,ʒudet͡sease,ʒudet͡sease,ʒudet͡sese,IPA_SEGMENT_MISMATCH,
jumate,jumăți,t,i,ʒumaTi,ʒumat͡sj,ʒumət͡si,IPA_SEGMENT_MISMATCH,
jumătate,jumătăți,t,i,ʒumətaTi,ʒumətat͡sj,ʒumətət͡si,IPA_SEGMENT_MISMATCH,
junghi,junghiuri,g,uri,ʒunɡuri,ʒunɡurj,ʒunɡiuri,IPA_SEGMENT_MISMATCH,
jupâneasă,jupânese,s,e,ʒupɨnease,ʒupɨnease,ʒupɨnese,IPA_SEGMENT_MISMATCH,
jupâneșică,jupâneșele,c,e,ʒupɨneʃiKe,ʒupɨneʃit͡ʃe,ʒupɨneʃele,ICA_SUPPLETION,
jurământ,jurăminte,t,e,ʒurəmɨnte,ʒurəmɨnte,ʒurəminte,IPA_SEGMENT_MISMATCH,
jăete,jăeteți,t,i,ʒəeTi,ʒəet͡sj,ʒəetet͡si,IPA_SEGMENT_MISMATCH,
jărăgai,jărăgaiuri,g,uri,ʒərəɡajuri,ʒərəɡajurj,ʒərəɡaiuri,IPA_SEGMENT_MISMATCH,
kilocuvânt,kilocuvinte,t,e,kilokuvɨnte,kilokuvɨnte,kilokuvinte,IPA_SEGMENT_MISMATCH,
kilowatt,kilowați,t,i,kilowaTTi,kilowat͡stj,kilowat͡si,IPA_SEGMENT_MISMATCH,
labialitate,labialități,t,i,labialitaTi,labialitat͡sj,labialitət͡si,IPA_SEGMENT_MISMATCH,
laboriozitate,laboriozități,t,i,laboriozitaTi,laboriozitat͡sj,laboriozitət͡si,IPA_SEGMENT_MISMATCH,
lacustritate,lacustrități,t,i,lakustritaTi,lakustritat͡sj,lakustritət͡si,IPA_SEGMENT_MISMATCH,
ladă,lăzi,d,i,laDi,lazj,ləzi,IPA_SEGMENT_MISMATCH,
lagumgioaică,lagumgioaice,c,e,laɡumd͡ʒioajKe,laɡumd͡ʒioajt͡ʃe,laɡumd͡ʒioait͡ʃe,IPA_SEGMENT_MISMATCH,
lambliază,lamblieze,z,e,lambliaze,lambliaze,lamblieze,IPA_SEGMENT_MISMATCH,
landou,landouri,d,uri,landouuri,landouurj,landouri,IPA_SEGMENT_MISMATCH,
langurozitate,langurozități,t,i,lanɡurozitaTi,lanɡurozitat͡sj,lanɡurozitət͡si,IPA_SEGMENT_MISMATCH,
langă,lăngi,g,i,lanGi,land͡ʒj,lənd͡ʒi,IPA_SEGMENT_MISMATCH,
lapit,lapiți,t,i,lapitlapiTi,lapitlapit͡sj,lapit͡si,IPA_SEGMENT_MISMATCH,
lascivitate,lascivități,t,i,last͡ʃivitaTi,last͡ʃivitat͡sj,last͡ʃivitət͡si,IPA_SEGMENT_MISMATCH,
lasou,lasouri,s,uri,lasouuri,lasouurj,lasouri,IPA_SEGMENT_MISMATCH,
laurușcă,lauruște,c,e,lauruʃKe,lauruʃte,lauruʃte,UNKNOWN,
lașitate,lașități,t,i,laʃitaTi,laʃitat͡sj,laʃitət͡si,IPA_SEGMENT_MISMATCH,
lealitate,lealități,t,i,lealitaTi,lealitat͡sj,lealitət͡si,IPA_SEGMENT_MISMATCH,
leasă,lese,s,e,lease,lease,lese,IPA_SEGMENT_MISMATCH,
lebădă,lebede,d,e,lebəde,lebəde,lebede,IPA_SEGMENT_MISMATCH,
lebărvurșt,lebărvurști,t,i,lebərvurʃTi,lebərvurʃtj,lebərvurʃti,SHT_LOANWORD,
legalitate,legalități,t,i,leɡalitaTi,leɡalitat͡sj,leɡalitət͡si,IPA_SEGMENT_MISMATCH,
legitate,legități,t,i,led͡ʒitaTi,led͡ʒitat͡sj,led͡ʒitət͡si,IPA_SEGMENT_MISMATCH,
legitimitate,legitimități,t,i,led͡ʒitimitaTi,led͡ʒitimitat͡sj,led͡ʒitimitət͡si,IPA_SEGMENT_MISMATCH,
legământ,legăminte,t,e,leɡəmɨnte,leɡəmɨnte,leɡəminte,IPA_SEGMENT_MISMATCH,
legătoreasă,legătorese,s,e,leɡətorease,leɡətorease,leɡətorese,IPA_SEGMENT_MISMATCH,
leică,leici,c,i,lejKi,lejt͡ʃj,leit͡ʃi,IPA_SEGMENT_MISMATCH,
lejancă,lejănci,c,i,leʒanKi,leʒant͡ʃj,leʒənt͡ʃi,IPA_SEGMENT_MISMATCH,
lejeritate,lejerități,t,i,leʒeritaTi,leʒeritat͡sj,leʒeritət͡si,IPA_SEGMENT_MISMATCH,
lemnușcă,lemnuști,c,i,lemnuʃKi,lemnuʃtj,lemnuʃti,SHCA_CLUSTER_DATA,
lemnăreasă,lemnărese,s,e,lemnərease,lemnərease,lemnərese,IPA_SEGMENT_MISMATCH,
lenjereasă,lenjerese,s,e,lenʒerease,lenʒerease,lenʒerese,IPA_SEGMENT_MISMATCH,
lențulete,lențuleteți,t,i,lent͡suleTi,lent͡sulet͡sj,lent͡suletet͡si,IPA_SEGMENT_MISMATCH,
leoaică,leoaice,c,e,leoajKe,leoajt͡ʃe,leoait͡ʃe,IPA_SEGMENT_MISMATCH,
lesnitate,lesnitatăți,t,i,lesnitaTi,lesnitat͡sj,lesnitatət͡si,IPA_SEGMENT_MISMATCH,
leucă,leuci,c,i,lewKi,lewt͡ʃj,leut͡ʃi,IPA_SEGMENT_MISMATCH,
leurdeasă,leurdese,s,e,leurdease,leurdease,leurdese,IPA_SEGMENT_MISMATCH,
leurdă,leurde,d,e,leurdae,leurdae,leurde,IPA_SEGMENT_MISMATCH,
lezard,lezardi,d,i,lezarDi,lezarzj,lezardi,UNKNOWN,
libarcă,libărci,c,i,libarKi,libart͡ʃj,libərt͡ʃi,IPA_SEGMENT_MISMATCH,
liberalitate,liberalități,t,i,liberalitaTi,liberalitat͡sj,liberalitət͡si,IPA_SEGMENT_MISMATCH,
libertate,libertăți,t,i,libertaTi,libertat͡sj,libertət͡si,IPA_SEGMENT_MISMATCH,
libidinozitate,libidinozități,t,i,libidinozitaTi,libidinozitat͡sj,libidinozitət͡si,IPA_SEGMENT_MISMATCH,
licențiozitate,licențiozități,t,i,lit͡ʃent͡siozitaTi,lit͡ʃent͡siozitat͡sj,lit͡ʃent͡siozitət͡si,IPA_SEGMENT_MISMATCH,
limpiditate,limpidități,t,i,limpiditaTi,limpiditat͡sj,limpiditət͡si,IPA_SEGMENT_MISMATCH,
lingou,lingouri,g,uri,linɡowuri,linɡowurj,linɡouri,IPA_SEGMENT_MISMATCH,
lingurăreasă,lingurărese,s,e,linɡurərease,linɡurərease,linɡurərese,IPA_SEGMENT_MISMATCH,
liniaritate,liniarități,t,i,liniaritaTi,liniaritat͡sj,liniaritət͡si,IPA_SEGMENT_MISMATCH,
lintou,lintouri,t,uri,lintouuri,lintouurj,lintouri,IPA_SEGMENT_MISMATCH,
lipiciozitate,lipiciozități,t,i,lipit͡ʃiozitaTi,lipit͡ʃiozitat͡sj,lipit͡ʃiozitət͡si,IPA_SEGMENT_MISMATCH,
lipoveancă,lipovence,c,e,lipoveanKe,lipoveant͡ʃe,lipovent͡ʃe,IPA_SEGMENT_MISMATCH,
literalitate,literalități,t,i,literalitaTi,literalitat͡sj,literalitət͡si,IPA_SEGMENT_MISMATCH,
livadă,livezi,d,i,livaDi,livazj,livezi,IPA_SEGMENT_MISMATCH,
lizibilitate,lizibilități,t,i,lizibilitaTi,lizibilitat͡sj,lizibilitət͡si,IPA_SEGMENT_MISMATCH,
lobbyist,lobbyiști,s,i,lobiiSTi,lobiiʃtj,lobbyiʃti,IPA_SEGMENT_MISMATCH,st(ă)+i
localitate,localități,t,i,lokalitaTi,lokalitat͡sj,lokalitət͡si,IPA_SEGMENT_MISMATCH,
logodeasă,logodese,s,e,loɡodease,loɡodease,loɡodese,IPA_SEGMENT_MISMATCH,
logofeteasă,logofetese,s,e,loɡofetease,loɡofetease,loɡofetese,IPA_SEGMENT_MISMATCH,
logofăt,logofeți,t,i,loɡofəTi,loɡofət͡sj,loɡofet͡si,IPA_SEGMENT_MISMATCH,
loialitate,loialități,t,i,loialitaTi,loialitat͡sj,loialitət͡si,IPA_SEGMENT_MISMATCH,
longevitate,longevități,t,i,lond͡ʒevitaTi,lond͡ʒevitat͡sj,lond͡ʒevitət͡si,IPA_SEGMENT_MISMATCH,
lopată,lopeți,t,i,lopaTi,lopat͡sj,lopet͡si,IPA_SEGMENT_MISMATCH,
lopătăreasă,lopătărese,s,e,lopətərease,lopətərease,lopətərese,IPA_SEGMENT_MISMATCH,
lopățică,lopățele,c,e,,,lopət͡sele,ICA_SUPPLETION,
lostricică,lostricicele,c,e,lostrit͡ʃiKe,lostrit͡ʃit͡ʃe,lostrit͡ʃit͡ʃele,ICA_SUPPLETION,
lotcă,lotci,c,i,loTKi,lot͡st͡ʃj,lott͡ʃi,IPA_SEGMENT_MISMATCH,
luat,luaturi,t,uri,lwaturi,lwaturj,luaturi,IPA_SEGMENT_MISMATCH,
luddită,luddite,t,e,ludite,ludite,luddite,IPA_SEGMENT_MISMATCH,
lugojeancă,lugojence,c,e,luɡoʒeanKe,luɡoʒeant͡ʃe,luɡoʒent͡ʃe,IPA_SEGMENT_MISMATCH,
luică,luici,c,i,lujKi,lujt͡ʃj,luit͡ʃi,IPA_SEGMENT_MISMATCH,
luminicică,luminicicele,c,e,luminit͡ʃiKe,luminit͡ʃit͡ʃe,luminit͡ʃit͡ʃele,ICA_SUPPLETION,
luminozitate,luminozități,t,i,luminozitaTi,luminozitat͡sj,luminozitət͡si,IPA_SEGMENT_MISMATCH,
lumânărică,lumânărele,c,e,lumɨnəriKe,lumɨnərit͡ʃe,lumɨnərele,ICA_SUPPLETION,
lumânărăreasă,lumânărărese,s,e,lumɨnərərease,lumɨnərərease,lumɨnərərese,IPA_SEGMENT_MISMATCH,
lupoaică,lupoaice,c,e,lupoajKe,lupoajt͡ʃe,lupoait͡ʃe,IPA_SEGMENT_MISMATCH,
lustragioaică,lustragioaice,c,e,lustrad͡ʒioajKe,lustrad͡ʒioajt͡ʃe,lustrad͡ʒioait͡ʃe,IPA_SEGMENT_MISMATCH,
lușcă,luști,c,i,luʃKi,luʃtj,luʃti,SHCA_CLUSTER_DATA,
lădicică,lădicicele,c,e,lədit͡ʃiKe,lədit͡ʃit͡ʃe,lədit͡ʃit͡ʃele,ICA_SUPPLETION,
lădățuică,lădățuici,c,i,lədət͡sujKi,lədət͡sujt͡ʃj,lədət͡suit͡ʃi,IPA_SEGMENT_MISMATCH,
lăibărac,lăibărace,c,e,ləjbəraKe,ləjbərat͡ʃe,ləibərat͡ʃe,IPA_SEGMENT_MISMATCH,
lăsământ,lăsăminte,t,e,ləsəmɨnte,ləsəmɨnte,ləsəminte,IPA_SEGMENT_MISMATCH,
lătoc,lătoace,c,e,lətoKe,lətot͡ʃe,lətoat͡ʃe,IPA_SEGMENT_MISMATCH,
lătrat,lătrături,t,uri,lətraturi,lətraturj,lətrəturi,IPA_SEGMENT_MISMATCH,
lăutăreasă,lăutărese,s,e,ləutərease,ləutərease,ləutərese,IPA_SEGMENT_MISMATCH,
macedoneancă,macedonence,c,e,mat͡ʃedoneanKe,mat͡ʃedoneant͡ʃe,mat͡ʃedonent͡ʃe,IPA_SEGMENT_MISMATCH,
magot,magoți,t,i,maɡoi,maɡoi,maɡot͡si,UNKNOWN,
mahalagioaică,mahalagioaice,c,e,mahalad͡ʒoajKe,mahalad͡ʒoajt͡ʃe,mahalad͡ʒioait͡ʃe,IPA_SEGMENT_MISMATCH,
maică,maici,c,i,majKi,majt͡ʃj,mait͡ʃi,IPA_SEGMENT_MISMATCH,
maidanez,maidanezi,z,i,majdanezi,majdanezj,maidanezi,IPA_SEGMENT_MISMATCH,
maiestate,maiestăți,t,i,maiestaTi,maiestat͡sj,maiestət͡si,IPA_SEGMENT_MISMATCH,
maiestuozitate,maiestuozități,t,i,maiestuozitaTi,maiestuozitat͡sj,maiestuozitət͡si,IPA_SEGMENT_MISMATCH,
maimuțică,maimuțele,c,e,,,maimut͡sele,ICA_SUPPLETION,
maioneză,maioneze,z,e,majoneze,majoneze,maioneze,IPA_SEGMENT_MISMATCH,
maioreasă,maiorese,s,e,majorease,majorease,maiorese,IPA_SEGMENT_MISMATCH,
maioritate,maiorități,t,i,maioritaTi,maioritat͡sj,maioritət͡si,IPA_SEGMENT_MISMATCH,
majoritate,majorități,t,i,maʒoritaTi,maʒoritat͡sj,maʒoritət͡si,IPA_SEGMENT_MISMATCH,
malițiozitate,malițiozități,t,i,malit͡siozitaTi,malit͡siozitat͡sj,malit͡siozitət͡si,IPA_SEGMENT_MISMATCH,
malonestitate,malonestitatăți,t,i,malonestitaTi,malonestitat͡sj,malonestitatət͡si,IPA_SEGMENT_MISMATCH,
mandat,mandate,t,e,məndate,məndate,mandate,IPA_SEGMENT_MISMATCH,
mantou,mantouri,t,uri,mantouuri,mantouurj,mantouri,IPA_SEGMENT_MISMATCH,
maramureșeancă,maramureșence,c,e,maramureʃeanKe,maramureʃeant͡ʃe,maramureʃent͡ʃe,IPA_SEGMENT_MISMATCH,
marchităneasă,marchitănese,s,e,markitənease,markitənease,markitənese,IPA_SEGMENT_MISMATCH,
marginalitate,marginalități,t,i,mard͡ʒinalitaTi,mard͡ʒinalitat͡sj,mard͡ʒinalitət͡si,IPA_SEGMENT_MISMATCH,
marhotcă,marhotci,c,i,marhoTKi,marhot͡st͡ʃj,marhott͡ʃi,IPA_SEGMENT_MISMATCH,
marinimozitate,marinimozități,t,i,marinimozitaTi,marinimozitat͡sj,marinimozitət͡si,IPA_SEGMENT_MISMATCH,
martirolog,martiroloage,g,e,martiroloGe,martirolod͡ʒe,martiroload͡ʒe,IPA_SEGMENT_MISMATCH,
marșrut,marșrute,t,e,marʃrute,marʃrute,marʃrute,UNKNOWN,
marșrută,marșrute,t,e,marʃrute,marʃrute,marʃrute,UNKNOWN,
matcă,mătci,c,i,maTKi,mat͡st͡ʃj,mətt͡ʃi,IPA_SEGMENT_MISMATCH,
maternitate,maternități,t,i,maternitaTi,maternitat͡sj,maternitət͡si,IPA_SEGMENT_MISMATCH,
maus,mausuri,s,uri,mawsuri,mawsurj,mausuri,IPA_SEGMENT_MISMATCH,
med,mezi,d,i,məDi,məzj,mezi,IPA_SEGMENT_MISMATCH,
medelnicereasă,medelnicerese,s,e,medelnit͡ʃerease,medelnit͡ʃerease,medelnit͡ʃerese,IPA_SEGMENT_MISMATCH,
medieșeancă,medieșence,c,e,medieʃeanKe,medieʃeant͡ʃe,medieʃent͡ʃe,IPA_SEGMENT_MISMATCH,
mediocritate,mediocrități,t,i,mediokritaTi,mediokritat͡sj,mediokritət͡si,IPA_SEGMENT_MISMATCH,
meioză,meioze,z,e,mejoze,mejoze,meioze,IPA_SEGMENT_MISMATCH,
mejdă,mejde,d,e,meʒde,meʒde,meʒde,UNKNOWN,
melodicitate,melodicități,t,i,melodit͡ʃitaTi,melodit͡ʃitat͡sj,melodit͡ʃitət͡si,IPA_SEGMENT_MISMATCH,
meneșterg,meneșterguri,g,uri,meneʃterɡuri,meneʃterɡurj,meneʃterɡuri,UNKNOWN,
mentalitate,mentalități,t,i,mentalitaTi,mentalitat͡sj,mentalitət͡si,IPA_SEGMENT_MISMATCH,
merăreasă,merărese,s,e,merərease,merərease,merərese,IPA_SEGMENT_MISMATCH,
metatars,metatarsuri,s,uri,metətarsuri,metətarsurj,metatarsuri,IPA_SEGMENT_MISMATCH,
meștereasă,meșterese,s,e,meʃterease,meʃterease,meʃterese,UNKNOWN,
meșteșug,meșteșuguri,g,uri,meʃteʃuɡuri,meʃteʃuɡurj,meʃteʃuɡuri,UNKNOWN,
miaut,miaute,t,e,mjaute,mjaute,miaute,IPA_SEGMENT_MISMATCH,
microwatt,microwați,t,i,mikrowaTTi,mikrowat͡stj,mikrowat͡si,IPA_SEGMENT_MISMATCH,
micșorătate,micșorătatăți,t,i,mikʃorətaTi,mikʃorətat͡sj,mikʃorətatət͡si,IPA_SEGMENT_MISMATCH,
micșunică,micșunele,c,e,mikʃuniKe,mikʃunit͡ʃe,mikʃunele,ICA_SUPPLETION,
mied,mieduri,d,uri,mjeduri,mjedurj,mieduri,IPA_SEGMENT_MISMATCH,
mielușică,mielușele,c,e,mieluʃiKe,mieluʃit͡ʃe,mieluʃele,ICA_SUPPLETION,
mielăreasă,mielărese,s,e,mielərease,mielərease,mielərese,IPA_SEGMENT_MISMATCH,
mierlică,mierlici,c,i,mjerliKi,mjerlit͡ʃj,mierlit͡ʃi,IPA_SEGMENT_MISMATCH,
mierloaică,mierloaice,c,e,mierloajKe,mierloajt͡ʃe,mierloait͡ʃe,IPA_SEGMENT_MISMATCH,
mierlușcă,mierluște,c,e,mjerluʃKe,mjerluʃte,mierluʃte,UNKNOWN,
mieunat,mieunaturi,t,uri,mjeunaturi,mjeunaturj,mieunaturi,IPA_SEGMENT_MISMATCH,
mijloc,mijlocuri,c,uri,miʒlokuri,miʒlokurj,miʒlokuri,UNKNOWN,
miliwatt,miliwați,t,i,miliwaTTi,miliwat͡stj,miliwat͡si,IPA_SEGMENT_MISMATCH,
milostivitate,milostivități,t,i,milostivitaTi,milostivitat͡sj,milostivitət͡si,IPA_SEGMENT_MISMATCH,
minciunică,minciunele,c,e,mint͡ʃiuniKe,mint͡ʃiunit͡ʃe,mint͡ʃiunele,ICA_SUPPLETION,
ministreasă,ministrese,s,e,ministrease,ministrease,ministrese,IPA_SEGMENT_MISMATCH,
ministroaică,ministroaice,c,e,ministroajKe,ministroajt͡ʃe,ministroait͡ʃe,IPA_SEGMENT_MISMATCH,
minoritate,minorități,t,i,minoritaTi,minoritat͡sj,minoritət͡si,IPA_SEGMENT_MISMATCH,
minuțiozitate,minuțiozități,t,i,minut͡siozitaTi,minut͡siozitat͡sj,minut͡siozitət͡si,IPA_SEGMENT_MISMATCH,
mireancă,mirence,c,e,mireanKe,mireant͡ʃe,mirent͡ʃe,IPA_SEGMENT_MISMATCH,
mireasă,mirese,s,e,mirease,mirease,mirese,IPA_SEGMENT_MISMATCH,
misteriozitate,misteriozități,t,i,misteriozitaTi,misteriozitat͡sj,misteriozitət͡si,IPA_SEGMENT_MISMATCH,
mititică,mititele,c,e,mititiKe,mititit͡ʃe,mititele,ICA_SUPPLETION,
mixomicetă,moxomicete,t,e,miksomit͡ʃete,miksomit͡ʃete,moksomit͡ʃete,IPA_SEGMENT_MISMATCH,
mișcământ,mișcăminte,t,e,miʃkəmɨnte,miʃkəmɨnte,miʃkəminte,IPA_SEGMENT_MISMATCH,
mișelătate,mișelătăți,t,i,miʃelətaTi,miʃelətat͡sj,miʃelətət͡si,IPA_SEGMENT_MISMATCH,
mlacă,mlăci,c,i,mlaKi,mlat͡ʃj,mlət͡ʃi,IPA_SEGMENT_MISMATCH,
mladă,mlăzi,d,i,mlaDi,mlazj,mləzi,IPA_SEGMENT_MISMATCH,
mobilitate,mobilități,t,i,mobilitaTi,mobilitat͡sj,mobilitət͡si,IPA_SEGMENT_MISMATCH,
modalitate,modalități,t,i,modalitaTi,modalitat͡sj,modalitət͡si,IPA_SEGMENT_MISMATCH,
modernitate,modernități,t,i,modernitaTi,modernitat͡sj,modernitət͡si,IPA_SEGMENT_MISMATCH,
modularitate,modularități,t,i,modularitaTi,modularitat͡sj,modularitət͡si,IPA_SEGMENT_MISMATCH,
mofluz,mofluji,z,i,mofluzi,mofluzj,mofluʒi,UNKNOWN,
moftangioaică,moftangioaice,c,e,moftand͡ʒioajKe,moftand͡ʒioajt͡ʃe,moftand͡ʒioait͡ʃe,IPA_SEGMENT_MISMATCH,
molalitate,molalități,t,i,molalitaTi,molalitat͡sj,molalitət͡si,IPA_SEGMENT_MISMATCH,
molaritate,molarități,t,i,molaritaTi,molaritat͡sj,molaritət͡si,IPA_SEGMENT_MISMATCH,
moldoveancă,moldovence,c,e,moldoveanKe,moldoveant͡ʃe,moldovent͡ʃe,IPA_SEGMENT_MISMATCH,
molătate,molătăți,t,i,molətaTi,molətat͡sj,molətət͡si,IPA_SEGMENT_MISMATCH,
mondenitate,mondenități,t,i,mondenitaTi,mondenitat͡sj,mondenitət͡si,IPA_SEGMENT_MISMATCH,
monolog,monoloage,g,e,monoloGe,monolod͡ʒe,monoload͡ʒe,IPA_SEGMENT_MISMATCH,
monoteist,monoteiști,s,i,monoteiSDi,monoteiʃdj,monoteiʃti,IPA_SEGMENT_MISMATCH,st(ă)+i
monstruozitate,monstruozități,t,i,monstruozitaTi,monstruozitat͡sj,monstruozitət͡si,IPA_SEGMENT_MISMATCH,
mont,monturi,t,uri,monuri,monurj,monturi,IPA_SEGMENT_MISMATCH,
morbiditate,morbidități,t,i,morbiditaTi,morbiditat͡sj,morbiditət͡si,IPA_SEGMENT_MISMATCH,
morbozitate,morbozitatăți,t,i,morbozitaTi,morbozitat͡sj,morbozitatət͡si,IPA_SEGMENT_MISMATCH,
morcoveancă,morcovence,c,e,morkoveanKe,morkoveant͡ʃe,morkovent͡ʃe,IPA_SEGMENT_MISMATCH,
morișcă,moriști,c,i,moriʃKi,moriʃtj,moriʃti,SHCA_CLUSTER_DATA,
mormânt,morminte,t,e,mormɨnte,mormɨnte,morminte,IPA_SEGMENT_MISMATCH,
moroaică,moroaice,c,e,moroajKe,moroajt͡ʃe,moroait͡ʃe,IPA_SEGMENT_MISMATCH,
morăreasă,morărese,s,e,morərease,morərease,morərese,IPA_SEGMENT_MISMATCH,
mosc,moscuri,s,uri,muʃuri,muʃurj,moskuri,IPA_SEGMENT_MISMATCH,
mostoc,mostoace,c,e,mostoKe,mostot͡ʃe,mostoat͡ʃe,IPA_SEGMENT_MISMATCH,
motilitate,motilități,t,i,motilitaTi,motilitat͡sj,motilitət͡si,IPA_SEGMENT_MISMATCH,
mozaică,mozaice,c,e,mozajKe,mozajt͡ʃe,mozait͡ʃe,IPA_SEGMENT_MISMATCH,
moșneag,moșnegi,g,i,moʃneaGi,moʃnead͡ʒj,moʃned͡ʒi,IPA_SEGMENT_MISMATCH,
muc,muci,c,i,mut͡si,mut͡sj,mut͡ʃi,UNKNOWN,
mucopolizaharidă,mucopolizaliaride,d,e,mukopolizaharide,mukopolizaharide,mukopolizaliaride,IPA_SEGMENT_MISMATCH,
mucozitate,mucozități,t,i,mukozitaTi,mukozitat͡sj,mukozitət͡si,IPA_SEGMENT_MISMATCH,
muică,muici,c,i,mujKi,mujt͡ʃj,muit͡ʃi,IPA_SEGMENT_MISMATCH,
muieret,muiereturi,t,uri,mujereturi,mujereturj,muiereturi,IPA_SEGMENT_MISMATCH,
muierușcă,muieruște,c,e,mujeruʃKe,mujeruʃte,muieruʃte,UNKNOWN,
multidimensionalitate,multidimensionalități,t,i,multidimensionalitaTi,multidimensionalitat͡sj,multidimensionalitət͡si,IPA_SEGMENT_MISMATCH,
muncitoreasă,muncitorese,s,e,munt͡ʃitorease,munt͡ʃitorease,munt͡ʃitorese,IPA_SEGMENT_MISMATCH,
municipalitate,municipalități,t,i,munit͡ʃipalitaTi,munit͡ʃipalitat͡sj,munit͡ʃipalitət͡si,IPA_SEGMENT_MISMATCH,
munteancă,muntence,c,e,munteanKe,munteant͡ʃe,muntent͡ʃe,IPA_SEGMENT_MISMATCH,
muntenegreancă,muntenegrence,c,e,munteneɡreanKe,munteneɡreant͡ʃe,munteneɡrent͡ʃe,IPA_SEGMENT_MISMATCH,
mureșeancă,mureșence,c,e,mureʃeanKe,mureʃeant͡ʃe,mureʃent͡ʃe,IPA_SEGMENT_MISMATCH,
muscăloaică,muscăloaice,c,e,muskəloajKe,muskəloajt͡ʃe,muskəloait͡ʃe,IPA_SEGMENT_MISMATCH,
must,musturi,s,uri,məsturi,məsturj,musturi,IPA_SEGMENT_MISMATCH,
muștiuc,muștiucuri,c,uri,muʃtiukuri,muʃtiukurj,muʃtiukuri,UNKNOWN,
muștuc,muștucuri,c,uri,muʃtukuri,muʃtukurj,muʃtukuri,UNKNOWN,
mâncăcios,mâncăcioși,s,i,mɨnkət͡ʃoSi,mɨnkət͡ʃoʃj,mɨnkət͡ʃioʃi,IPA_SEGMENT_MISMATCH,
mâncărică,mâncărele,c,e,mɨnkəriKe,mɨnkərit͡ʃe,mɨnkərele,ICA_SUPPLETION,
mândruică,mândruice,c,e,mɨndrujKe,mɨndrujt͡ʃe,mɨndruit͡ʃe,IPA_SEGMENT_MISMATCH,
mânecată,mânecațe,t,e,mɨnekate,mɨnekate,mɨnekat͡se,UNKNOWN,
mângâietate,mângâietăți,t,i,mɨnɡɨietaTi,mɨnɡɨietat͡sj,mɨnɡɨietət͡si,IPA_SEGMENT_MISMATCH,
mâniac,mânieci,c,i,mɨniaKi,mɨniat͡ʃj,mɨniet͡ʃi,IPA_SEGMENT_MISMATCH,
mânz,mânji,z,i,mɨnzi,mɨnzj,mɨnʒi,UNKNOWN,
mânzoaică,mânzoaice,c,e,mɨnzoajKe,mɨnzoajt͡ʃe,mɨnzoait͡ʃe,IPA_SEGMENT_MISMATCH,
mânătarcă,mânătărci,c,i,mɨnətarKi,mɨnətart͡ʃj,mɨnətərt͡ʃi,IPA_SEGMENT_MISMATCH,
măgureancă,măgurence,c,e,məɡureanKe,məɡureant͡ʃe,məɡurent͡ʃe,IPA_SEGMENT_MISMATCH,
măgurică,măgurele,c,e,məɡuriKe,məɡurit͡ʃe,məɡurele,ICA_SUPPLETION,
măiug,măiuge,g,e,məjuGe,məjud͡ʒe,məiud͡ʒe,IPA_SEGMENT_MISMATCH,
mănuchi,mănuchiuri,c,uri,mənukuri,mənukurj,mənukiuri,IPA_SEGMENT_MISMATCH,
mănunche,mănunchiuri,c,uri,mənunkuri,mənunkurj,mənunkiuri,IPA_SEGMENT_MISMATCH,
mănunchi,mănunchiuri,c,uri,mənunkuri,mənunkurj,mənunkiuri,IPA_SEGMENT_MISMATCH,
mănușereasă,mănușerese,s,e,mənuʃerease,mənuʃerease,mənuʃerese,IPA_SEGMENT_MISMATCH,
mărgineancă,mărginence,c,e,mərd͡ʒineanKe,mərd͡ʒineant͡ʃe,mərd͡ʒinent͡ʃe,IPA_SEGMENT_MISMATCH,
măscuroaică,măscuroaice,c,e,məskuroajKe,məskuroajt͡ʃe,məskuroait͡ʃe,IPA_SEGMENT_MISMATCH,
mătase,mătăsuri,s,uri,mətasuri,mətasurj,mətəsuri,IPA_SEGMENT_MISMATCH,
măturișcă,măturiști,c,i,məturiʃKi,məturiʃtj,məturiʃti,SHCA_CLUSTER_DATA,
mătușică,mătușele,c,e,mətuʃiKe,mətuʃit͡ʃe,mətuʃele,ICA_SUPPLETION,
măzăruică,măzăruici,c,i,məzərujKi,məzərujt͡ʃj,məzəruit͡ʃi,IPA_SEGMENT_MISMATCH,
nadiceancă,nadicence,c,e,nadit͡ʃanKe,nadit͡ʃant͡ʃe,nadit͡ʃent͡ʃe,IPA_SEGMENT_MISMATCH,
nadișancă,nadișence,c,e,nadiʃanKe,nadiʃant͡ʃe,nadiʃent͡ʃe,IPA_SEGMENT_MISMATCH,
nadoleancă,nadolence,c,e,nadoleanKe,nadoleant͡ʃe,nadolent͡ʃe,IPA_SEGMENT_MISMATCH,
nagaică,nagaice,c,e,naɡajKe,naɡajt͡ʃe,naɡait͡ʃe,IPA_SEGMENT_MISMATCH,
namiază,namiezi,z,i,namjazi,namjazj,namiezi,IPA_SEGMENT_MISMATCH,
naz,nazuri,z,uri,nazetməzuri,nazetməzurj,nazuri,IPA_SEGMENT_MISMATCH,
nazist,naziști,s,i,nasiSTi,nasiʃtj,naziʃti,IPA_SEGMENT_MISMATCH,st(ă)+i
naționalitate,naționalități,t,i,nat͡sionalitaTi,nat͡sionalitat͡sj,nat͡sionalitət͡si,IPA_SEGMENT_MISMATCH,
neagresivitate,neagresivități,t,i,neaɡresivitaTi,neaɡresivitat͡sj,neaɡresivitət͡si,IPA_SEGMENT_MISMATCH,
nebulozitate,nebulozități,t,i,nebulozitaTi,nebulozitat͡sj,nebulozitət͡si,IPA_SEGMENT_MISMATCH,
necesitate,necesități,t,i,net͡ʃesitaTi,net͡ʃesitat͡sj,net͡ʃesitət͡si,IPA_SEGMENT_MISMATCH,
neclaritate,neclarități,t,i,neklaritaTi,neklaritat͡sj,neklaritət͡si,IPA_SEGMENT_MISMATCH,
neechitate,neechități,t,i,neekitaTi,neekitat͡sj,neekitət͡si,IPA_SEGMENT_MISMATCH,
neegalitate,neegalități,t,i,neeɡalitaTi,neeɡalitat͡sj,neeɡalitət͡si,IPA_SEGMENT_MISMATCH,
neetanșeitate,neetanșeități,t,i,neetanʃeitaTi,neetanʃeitat͡sj,neetanʃeitət͡si,IPA_SEGMENT_MISMATCH,
neexactitate,neexactități,t,i,neeɡzaktitaTi,neeɡzaktitat͡sj,neeksaktitət͡si,IPA_SEGMENT_MISMATCH,
negroaică,negroaice,c,e,neɡroajKe,neɡroajt͡ʃe,neɡroait͡ʃe,IPA_SEGMENT_MISMATCH,
negruvodeancă,negruvodence,c,e,neɡruvodeanKe,neɡruvodeant͡ʃe,neɡruvodent͡ʃe,IPA_SEGMENT_MISMATCH,
negrușcă,negruște,c,e,neɡruʃKe,neɡruʃte,neɡruʃte,UNKNOWN,
negustoreasă,negustorese,s,e,neɡustorease,neɡustorease,neɡustorese,IPA_SEGMENT_MISMATCH,
neizbândă,neizbănzi,d,i,neizbɨnDi,neizbɨnzj,neizbənzi,IPA_SEGMENT_MISMATCH,
nemeșoaică,nemeșoaice,c,e,nemeʃoajKe,nemeʃoajt͡ʃe,nemeʃoait͡ʃe,IPA_SEGMENT_MISMATCH,
nemoralitate,nemoralități,t,i,nemoralitaTi,nemoralitat͡sj,nemoralitət͡si,IPA_SEGMENT_MISMATCH,
neneacă,neneci,c,i,neneaKi,neneat͡ʃj,nenet͡ʃi,IPA_SEGMENT_MISMATCH,
neocolonialist,neocolonialiști,s,i,neokolonijaliSTi,neokolonijaliʃtj,neokolonialiʃti,IPA_SEGMENT_MISMATCH,st(ă)+i
neomalthusianist,neomaltusianiști,s,i,neomalthusianiSTi,neomalthusianiʃtj,neomaltusianiʃti,IPA_SEGMENT_MISMATCH,st(ă)+i
neponderabilitate,neponderabilitatăți,t,i,neponderabilitaTi,neponderabilitat͡sj,neponderabilitatət͡si,IPA_SEGMENT_MISMATCH,
nepoțică,nepoțele,c,e,nepot͡siKe,nepot͡sit͡ʃe,nepot͡sele,ICA_SUPPLETION,
neregularitate,neregularități,t,i,nereɡularitaTi,nereɡularitat͡sj,nereɡularitət͡si,IPA_SEGMENT_MISMATCH,
nerăutate,nerăutatăți,t,i,nerəutaTi,nerəutat͡sj,nerəutatət͡si,IPA_SEGMENT_MISMATCH,
nesimțibilitate,nesimțibilități,t,i,nesimt͡sibilitaTi,nesimt͡sibilitat͡sj,nesimt͡sibilitət͡si,IPA_SEGMENT_MISMATCH,
nevizibilitate,nevizibilități,t,i,nevizibilitaTi,nevizibilitat͡sj,nevizibilitət͡si,IPA_SEGMENT_MISMATCH,
nevăstuică,nevăstuici,c,i,nevəstujKi,nevəstujt͡ʃj,nevəstuit͡ʃi,IPA_SEGMENT_MISMATCH,
nineacă,nineci,c,i,nineaKi,nineat͡ʃj,ninet͡ʃi,IPA_SEGMENT_MISMATCH,
niștotă,niștote,t,e,niʃtote,niʃtote,niʃtote,UNKNOWN,
nobilitate,nobilități,t,i,nobilitaTi,nobilitat͡sj,nobilitət͡si,IPA_SEGMENT_MISMATCH,
nodozitate,nodozități,t,i,nodozitaTi,nodozitat͡sj,nodozitət͡si,IPA_SEGMENT_MISMATCH,
normand,normanzi,d,i,nurmani,nurmanj,normanzi,UNKNOWN,
noroc,noroace,c,e,noroKe,norot͡ʃe,noroat͡ʃe,IPA_SEGMENT_MISMATCH,
norod,noroade,d,e,norode,norode,noroade,IPA_SEGMENT_MISMATCH,
notabilitate,notabilități,t,i,notabilitaTi,notabilitat͡sj,notabilitət͡si,IPA_SEGMENT_MISMATCH,
notăreasă,notărese,s,e,notərease,notərease,notərese,IPA_SEGMENT_MISMATCH,
noutate,noutăți,t,i,noutaTi,noutat͡sj,noutət͡si,IPA_SEGMENT_MISMATCH,
nuditate,nudități,t,i,nuditaTi,nuditat͡sj,nuditət͡si,IPA_SEGMENT_MISMATCH,
nuielușcă,nuieluște,c,e,nuieluʃKe,nuieluʃte,nuieluʃte,UNKNOWN,
nulitate,nulități,t,i,nulitaTi,nulitat͡sj,nulitət͡si,IPA_SEGMENT_MISMATCH,
numerozitate,numerozitatăți,t,i,numerozitaTi,numerozitat͡sj,numerozitatət͡si,IPA_SEGMENT_MISMATCH,
năbădaică,năbădăici,c,i,nəbədajKi,nəbədajt͡ʃj,nəbədəit͡ʃi,IPA_SEGMENT_MISMATCH,
nămiază,nămiezi,z,i,nəmjazi,nəmjazj,nəmiezi,IPA_SEGMENT_MISMATCH,
nămiez,nămieze,z,e,nəmjeze,nəmjeze,nəmieze,IPA_SEGMENT_MISMATCH,
năpadă,năpăzi,d,i,nəpaDi,nəpazj,nəpəzi,IPA_SEGMENT_MISMATCH,
năsturăreasă,năsturărese,s,e,nəsturərease,nəsturərease,nəsturərese,IPA_SEGMENT_MISMATCH,
năsăudeancă,năsăudence,c,e,nəsəudeanKe,nəsəudeant͡ʃe,nəsəudent͡ʃe,IPA_SEGMENT_MISMATCH,
nătăroaică,nătăroaice,c,e,nətəroajKe,nətəroajt͡ʃe,nətəroait͡ʃe,IPA_SEGMENT_MISMATCH,
năvod,năvoade,d,e,nəvode,nəvode,nəvoade,IPA_SEGMENT_MISMATCH,
oaspăt,oaspeți,t,i,oaspəTi,oaspət͡sj,oaspet͡si,IPA_SEGMENT_MISMATCH,
oaste,oști,s,i,oaSTi,oaʃtj,oʃti,IPA_SEGMENT_MISMATCH,
obadă,obezi,d,i,obaDi,obazj,obezi,IPA_SEGMENT_MISMATCH,
obeadă,obezi,d,i,obeaDi,obeazj,obezi,IPA_SEGMENT_MISMATCH,
obiect,obiecte,t,e,objeKTe,objekte,obiekte,IPA_SEGMENT_MISMATCH,ct(ă)+e
obleagă,oblegi,g,i,obleaGi,oblead͡ʒj,obled͡ʒi,IPA_SEGMENT_MISMATCH,
oboroc,oboroace,c,e,oboroKe,oborot͡ʃe,oboroat͡ʃe,IPA_SEGMENT_MISMATCH,
obraz,obraji,z,i,obrazi,obrazj,obraʒi,UNKNOWN,
obroc,obroace,c,e,obroKe,obrot͡ʃe,obroat͡ʃe,IPA_SEGMENT_MISMATCH,
obrocică,obrocicele,c,e,obrot͡ʃiKe,obrot͡ʃit͡ʃe,obrot͡ʃit͡ʃele,ICA_SUPPLETION,
obscenitate,obscenități,t,i,obst͡ʃenitaTi,obst͡ʃenitat͡sj,obst͡ʃenitət͡si,IPA_SEGMENT_MISMATCH,
obscurantist,obscutantiști,s,i,obskurantiSTi,obskurantiʃtj,obskutantiʃti,IPA_SEGMENT_MISMATCH,st(ă)+i
obtuzitate,obtuzități,t,i,obtuzitaTi,obtuzitat͡sj,obtuzitət͡si,IPA_SEGMENT_MISMATCH,
ocupant,ocupanți,t,i,ukupani,ukupanj,okupant͡si,UNKNOWN,
oficialitate,oficialități,t,i,ofit͡ʃialitaTi,ofit͡ʃialitat͡sj,ofit͡ʃialitət͡si,IPA_SEGMENT_MISMATCH,
ofițereasă,ofițerese,s,e,ofit͡serease,ofit͡serease,ofit͡serese,IPA_SEGMENT_MISMATCH,
ogradă,ogrăzi,d,i,oɡraDi,oɡrazj,oɡrəzi,IPA_SEGMENT_MISMATCH,
ojoc,ojoace,c,e,oʒoKe,oʒot͡ʃe,oʒoat͡ʃe,IPA_SEGMENT_MISMATCH,
olteancă,oltence,c,e,olteanKe,olteant͡ʃe,oltent͡ʃe,IPA_SEGMENT_MISMATCH,
olăreasă,olărese,s,e,olərease,olərease,olərese,IPA_SEGMENT_MISMATCH,
omăt,omeți,t,i,oməTi,omət͡sj,omet͡si,IPA_SEGMENT_MISMATCH,
ondulozitate,ondulozități,t,i,ondulozitaTi,ondulozitat͡sj,ondulozitət͡si,IPA_SEGMENT_MISMATCH,
opacitate,opacități,t,i,opat͡ʃitaTi,opat͡ʃitat͡sj,opat͡ʃitət͡si,IPA_SEGMENT_MISMATCH,
opiat,opiate,t,e,upiate,upiate,opiate,IPA_SEGMENT_MISMATCH,
opincăreasă,opincărese,s,e,opinkərease,opinkərease,opinkərese,IPA_SEGMENT_MISMATCH,
oportunitate,oportunități,t,i,oportunitaTi,oportunitat͡sj,oportunitət͡si,IPA_SEGMENT_MISMATCH,
originalitate,originalități,t,i,orid͡ʒinalitaTi,orid͡ʒinalitat͡sj,orid͡ʒinalitət͡si,IPA_SEGMENT_MISMATCH,
orădeancă,orădence,c,e,orədeanKe,orədeant͡ʃe,orədent͡ʃe,IPA_SEGMENT_MISMATCH,
orășeancă,orășence,c,e,orəʃeanKe,orəʃeant͡ʃe,orəʃent͡ʃe,IPA_SEGMENT_MISMATCH,
orșoveancă,orșovence,c,e,orʃoveanKe,orʃoveant͡ʃe,orʃovent͡ʃe,IPA_SEGMENT_MISMATCH,
ospătăreasă,ospătărese,s,e,ospətərease,ospətərease,ospətərese,IPA_SEGMENT_MISMATCH,
ostilitate,ostilități,t,i,ostilitaTi,ostilitat͡sj,ostilitət͡si,IPA_SEGMENT_MISMATCH,
ovreică,ovreice,c,e,ovrejKe,ovrejt͡ʃe,ovreit͡ʃe,IPA_SEGMENT_MISMATCH,
oșeancă,oșence,c,e,oʃeanKe,oʃeant͡ʃe,oʃent͡ʃe,IPA_SEGMENT_MISMATCH,
pacheșcă,pachești,c,i,pakeʃKi,pakeʃtj,pakeʃti,SHCA_CLUSTER_DATA,
paietă,paiete,t,e,pajete,pajete,paiete,IPA_SEGMENT_MISMATCH,
paireasă,pairese,s,e,pairease,pairease,pairese,IPA_SEGMENT_MISMATCH,
palancă,pălănci,c,i,palanKi,palant͡ʃj,pələnt͡ʃi,IPA_SEGMENT_MISMATCH,
palavragioaică,palavragioaice,c,e,palavrad͡ʒioajKe,palavrad͡ʒioajt͡ʃe,palavrad͡ʒioait͡ʃe,IPA_SEGMENT_MISMATCH,
paliditate,palidități,t,i,paliditaTi,paliditat͡sj,paliditət͡si,IPA_SEGMENT_MISMATCH,
pampas,pampasuri,s,uri,pampəsuri,pampəsurj,pampasuri,IPA_SEGMENT_MISMATCH,
pampușcă,pampuști,c,i,pampuʃKi,pampuʃtj,pampuʃti,SHCA_CLUSTER_DATA,
panduroaică,panduroaice,c,e,panduroajKe,panduroajt͡ʃe,panduroait͡ʃe,IPA_SEGMENT_MISMATCH,
pantofăreasă,pantofărese,s,e,pantofərease,pantofərease,pantofərese,IPA_SEGMENT_MISMATCH,
papainog,papainoage,g,e,papainoGe,papainod͡ʒe,papainoad͡ʒe,IPA_SEGMENT_MISMATCH,
paparazzo,paparazzi,z,i,paparazzoi,paparazzoi,paparazzi,IPA_SEGMENT_MISMATCH,
papucăreasă,papucărese,s,e,papukərease,papukərease,papukərese,IPA_SEGMENT_MISMATCH,
paradosis,paradosisi,s,i,paradosiSi,paradosiʃj,paradosisi,UNKNOWN,
parapod,parapoade,d,e,parapode,parapode,parapoade,IPA_SEGMENT_MISMATCH,
parazăpadă,parazăpezi,d,i,parazəpaDi,parazəpazj,parazəpezi,IPA_SEGMENT_MISMATCH,
paritate,parități,t,i,paritaTi,paritat͡sj,paritət͡si,IPA_SEGMENT_MISMATCH,
pariziancă,parizience,c,e,parizianKe,pariziant͡ʃe,parizient͡ʃe,IPA_SEGMENT_MISMATCH,
parlament,parlamente,t,e,pərləmene,pərləmene,parlamente,IPA_SEGMENT_MISMATCH,
particularitate,particularități,t,i,partikularitaTi,partikularitat͡sj,partikularitət͡si,IPA_SEGMENT_MISMATCH,
pasaport,pasapoarte,t,e,pasaporte,pasaporte,pasapoarte,IPA_SEGMENT_MISMATCH,
pască,păști,s,i,paSKi,paʃtj,pəʃti,IPA_SEGMENT_MISMATCH,sc(ă)+i
pasport,paspoarte,t,e,pasporte,pasporte,paspoarte,IPA_SEGMENT_MISMATCH,
patriarhalitate,patriarhalitatăți,t,i,patriarhalitaTi,patriarhalitat͡sj,patriarhalitatət͡si,IPA_SEGMENT_MISMATCH,
patrontașcă,patrontaște,c,e,patrontaʃKe,patrontaʃte,patrontaʃte,UNKNOWN,
pată,pete,t,e,pate,pate,pete,IPA_SEGMENT_MISMATCH,
paupertate,paupertăți,t,i,paupertaTi,paupertat͡sj,paupertət͡si,IPA_SEGMENT_MISMATCH,
pavlichiancă,pavlichience,c,e,pavlikianKe,pavlikiant͡ʃe,pavlikient͡ʃe,IPA_SEGMENT_MISMATCH,
pavăză,paveze,z,e,pavəze,pavəze,paveze,IPA_SEGMENT_MISMATCH,
pașaport,pașapoarte,t,e,paʃaporte,paʃaporte,paʃapoarte,IPA_SEGMENT_MISMATCH,
pașcă,păști,c,i,paʃKi,paʃtj,pəʃti,SHCA_CLUSTER_DATA,
pașport,pașpoarte,t,e,paʃporte,paʃporte,paʃpoarte,IPA_SEGMENT_MISMATCH,
paștet,pașteturi,t,uri,paʃteturi,paʃteturj,paʃteturi,UNKNOWN,
peco,peco-uri,c,uri,pekouri,pekourj,peko-uri,IPA_SEGMENT_MISMATCH,
pedeapsă,pedepse,s,e,pedeapse,pedeapse,pedepse,IPA_SEGMENT_MISMATCH,
pegas,pegași,s,i,pəɡaSi,pəɡaʃj,peɡaʃi,IPA_SEGMENT_MISMATCH,
pelasg,pelasgi,g,i,pelaSGi,pelaʃdj,pelasd͡ʒi,IPA_SEGMENT_MISMATCH,
pelasgă,pelasge,g,e,pelaSGe,pelaʃde,pelasd͡ʒe,IPA_SEGMENT_MISMATCH,
pelit,pelite,t,e,pəlite,pəlite,pelite,IPA_SEGMENT_MISMATCH,
penalitate,penalități,t,i,penalitaTi,penalitat͡sj,penalitət͡si,IPA_SEGMENT_MISMATCH,
pepenoaică,pepenoaice,c,e,pepenoajKe,pepenoajt͡ʃe,pepenoait͡ʃe,IPA_SEGMENT_MISMATCH,
pepinierist,pepinteriști,s,i,pepinieriSTi,pepinieriʃtj,pepinteriʃti,IPA_SEGMENT_MISMATCH,st(ă)+i
peracid,perucizi,d,i,perat͡ʃiDi,perat͡ʃizj,perut͡ʃizi,IPA_SEGMENT_MISMATCH,
perciunat,perciunați,t,i,pert͡ʃjunaTi,pert͡ʃjunat͡sj,pert͡ʃiunat͡si,IPA_SEGMENT_MISMATCH,
periclitate,periclitatăți,t,i,periklitaTi,periklitat͡sj,periklitatət͡si,IPA_SEGMENT_MISMATCH,
periculozitate,periculozități,t,i,perikulozitaTi,perikulozitat͡sj,perikulozitət͡si,IPA_SEGMENT_MISMATCH,
periodicitate,periodicități,t,i,periodit͡ʃitaTi,periodit͡ʃitat͡sj,periodit͡ʃitət͡si,IPA_SEGMENT_MISMATCH,
permitivitate,permitivități,t,i,permitivitaTi,permitivitat͡sj,permitivitət͡si,IPA_SEGMENT_MISMATCH,
perplexitate,perplexități,t,i,perpleksitaTi,perpleksitat͡sj,perpleksitət͡si,IPA_SEGMENT_MISMATCH,
personalitate,personalități,t,i,personalitaTi,personalitat͡sj,personalitət͡si,IPA_SEGMENT_MISMATCH,
perspectivitate,perspectivități,t,i,perspektivitaTi,perspektivitat͡sj,perspektivitət͡si,IPA_SEGMENT_MISMATCH,
perucăreasă,perucărese,s,e,perukərease,perukərease,perukərese,IPA_SEGMENT_MISMATCH,
perversitate,perversități,t,i,perversitaTi,perversitat͡sj,perversitət͡si,IPA_SEGMENT_MISMATCH,
pescăreasă,pescărese,s,e,peskərease,peskərease,peskərese,IPA_SEGMENT_MISMATCH,
petroșeneancă,petroșenence,c,e,petroʃeneanKe,petroʃeneant͡ʃe,petroʃenent͡ʃe,IPA_SEGMENT_MISMATCH,
peșcheșlâc,peșcheșlâcuri,c,uri,peʃkeʃlɨkuri,peʃkeʃlɨkurj,peʃkeʃlɨkuri,UNKNOWN,
peștoaică,peștoaice,c,e,peʃtoajKe,peʃtoajt͡ʃe,peʃtoait͡ʃe,IPA_SEGMENT_MISMATCH,
pețitoreasă,pețitorese,s,e,pet͡sitorease,pet͡sitorease,pet͡sitorese,IPA_SEGMENT_MISMATCH,
piază,pieze,z,e,pjaze,pjaze,pieze,IPA_SEGMENT_MISMATCH,
piciorong,picioroange,g,e,pit͡ʃioronGe,pit͡ʃiorond͡ʒe,pit͡ʃioroand͡ʒe,IPA_SEGMENT_MISMATCH,
pică,pici,c,i,pikai,pikai,pit͡ʃi,UNKNOWN,
picăturică,picăturele,c,e,pikəturiKe,pikəturit͡ʃe,pikəturele,ICA_SUPPLETION,
picățică,picățele,c,e,pikət͡siKe,pikət͡sit͡ʃe,pikət͡sele,ICA_SUPPLETION,
piedecă,piedeci,c,i,pjedeKi,pjedet͡ʃj,piedet͡ʃi,IPA_SEGMENT_MISMATCH,
piedică,piedici,c,i,pjediKi,pjedit͡ʃj,piedit͡ʃi,IPA_SEGMENT_MISMATCH,
pielușică,pielușele,c,e,pieluʃiKe,pieluʃit͡ʃe,pieluʃele,ICA_SUPPLETION,
piemont,piemonturi,t,uri,piəmonuri,piəmonurj,piemonturi,IPA_SEGMENT_MISMATCH,
piersic,piersici,c,i,pjersiKi,pjersit͡ʃj,piersit͡ʃi,IPA_SEGMENT_MISMATCH,
piersică,piersici,c,i,pjersiKi,pjersit͡ʃj,piersit͡ʃi,IPA_SEGMENT_MISMATCH,
piesă,piese,s,e,pjese,pjese,piese,IPA_SEGMENT_MISMATCH,
piezișitate,piezișitatăți,t,i,pieziʃitaTi,pieziʃitat͡sj,pieziʃitatət͡si,IPA_SEGMENT_MISMATCH,
piglais,piglaisuri,s,uri,piɡlajsuri,piɡlajsurj,piɡlaisuri,IPA_SEGMENT_MISMATCH,
pilozitate,pilozități,t,i,pilozitaTi,pilozitat͡sj,pilozitət͡si,IPA_SEGMENT_MISMATCH,
pioneză,pioneze,z,e,pjoneze,pjoneze,pioneze,IPA_SEGMENT_MISMATCH,
piozitate,piozități,t,i,piozitaTi,piozitat͡sj,piozitət͡si,IPA_SEGMENT_MISMATCH,
pipărușcă,pipăruști,c,i,pipəruʃKi,pipəruʃtj,pipəruʃti,SHCA_CLUSTER_DATA,
pirandică,pirandele,c,e,pirandiKe,pirandit͡ʃe,pirandele,ICA_SUPPLETION,
piroșcă,piroște,c,e,piroʃKe,piroʃte,piroʃte,UNKNOWN,
pisat,pișaturi,t,uri,pisaturi,pisaturj,piʃaturi,UNKNOWN,
pisc,piscuri,s,uri,pist͡suri,pist͡surj,piskuri,IPA_SEGMENT_MISMATCH,
pisoc,pisoace,c,e,pisoKe,pisot͡ʃe,pisoat͡ʃe,IPA_SEGMENT_MISMATCH,
pisuleancă,pisulence,c,e,pisuleanKe,pisuleant͡ʃe,pisulent͡ʃe,IPA_SEGMENT_MISMATCH,
piteșteancă,piteștence,c,e,piteʃteanKe,piteʃteant͡ʃe,piteʃtent͡ʃe,IPA_SEGMENT_MISMATCH,
pitoașcă,pitoaște,c,e,pitoaʃKe,pitoaʃte,pitoaʃte,UNKNOWN,
pitușcă,pituști,c,i,pituʃKi,pituʃtj,pituʃti,SHCA_CLUSTER_DATA,
pităreasă,pitărese,s,e,pitərease,pitərease,pitərese,IPA_SEGMENT_MISMATCH,
piuneză,piuneze,z,e,pjuneze,pjuneze,piuneze,IPA_SEGMENT_MISMATCH,
pivușcă,pivuști,c,i,pivuʃKi,pivuʃtj,pivuʃti,SHCA_CLUSTER_DATA,
pizza,pizze,z,e,pit͡sae,pit͡sae,pizze,IPA_SEGMENT_MISMATCH,
piștă,piști,t,i,piʃTi,piʃtj,piʃti,UNKNOWN,
pițigoaică,pițigoaice,c,e,pit͡siɡoajKe,pit͡siɡoajt͡ʃe,pit͡siɡoait͡ʃe,IPA_SEGMENT_MISMATCH,
plagiat,plagiate,t,e,pləʒiate,pləʒiate,plad͡ʒiate,IPA_SEGMENT_MISMATCH,
plagă,plăgi,g,i,plaGi,plad͡ʒj,pləd͡ʒi,IPA_SEGMENT_MISMATCH,
planeitate,planeități,t,i,planeitaTi,planeitat͡sj,planeitət͡si,IPA_SEGMENT_MISMATCH,
platcă,plătci,c,i,plaTKi,plat͡st͡ʃj,plətt͡ʃi,IPA_SEGMENT_MISMATCH,
platou,platouri,t,uri,platowuri,platowurj,platouri,IPA_SEGMENT_MISMATCH,
plată,plăți,t,i,plaTi,plat͡sj,plət͡si,IPA_SEGMENT_MISMATCH,
pleată,plete,t,e,pleate,pleate,plete,IPA_SEGMENT_MISMATCH,
pleașcă,plești,c,i,pleaʃKi,pleaʃtj,pleʃti,SHCA_CLUSTER_DATA,
plevușcă,plevuști,c,i,plevuʃKi,plevuʃtj,plevuʃti,SHCA_CLUSTER_DATA,
pliabilitate,pliabilități,t,i,pliabilitaTi,pliabilitat͡sj,pliabilitət͡si,IPA_SEGMENT_MISMATCH,
plocadă,plocăzi,d,i,plokaDi,plokazj,plokəzi,IPA_SEGMENT_MISMATCH,
ploieșteancă,ploieștence,c,e,plojeʃteanKe,plojeʃteant͡ʃe,ploieʃtent͡ʃe,IPA_SEGMENT_MISMATCH,
ploscăreasă,ploscărese,s,e,ploskərease,ploskərease,ploskərese,IPA_SEGMENT_MISMATCH,
plugăreasă,plugărese,s,e,pluɡərease,pluɡərease,pluɡərese,IPA_SEGMENT_MISMATCH,
plumânărică,plumânărele,c,e,plumɨnəriKe,plumɨnərit͡ʃe,plumɨnərele,ICA_SUPPLETION,
pluralitate,pluralități,t,i,pluralitaTi,pluralitat͡sj,pluralitət͡si,IPA_SEGMENT_MISMATCH,
pluritate,plurități,t,i,pluritaTi,pluritat͡sj,pluritət͡si,IPA_SEGMENT_MISMATCH,
plutoniereasă,plutonierese,s,e,plutonierease,plutonierease,plutonierese,IPA_SEGMENT_MISMATCH,
plăcintăreasă,plăcintărese,s,e,plət͡ʃintərease,plət͡ʃintərease,plət͡ʃintərese,IPA_SEGMENT_MISMATCH,
plăcințică,plăcințele,c,e,plət͡ʃint͡siKe,plət͡ʃint͡sit͡ʃe,plət͡ʃint͡sele,ICA_SUPPLETION,
plăivais,plăivaisuri,s,uri,pləjvaisuri,pləjvaisurj,pləivaisuri,IPA_SEGMENT_MISMATCH,
plămadă,plămezi,d,i,pləmaDi,pləmazj,pləmezi,IPA_SEGMENT_MISMATCH,
plăpumăreasă,plăpumărese,s,e,pləpumərease,pləpumərease,pləpumərese,IPA_SEGMENT_MISMATCH,
poartă,porți,t,i,poarTi,poart͡sj,port͡si,IPA_SEGMENT_MISMATCH,
pocinoc,pocinoace,c,e,pot͡ʃinoKe,pot͡ʃinot͡ʃe,pot͡ʃinoat͡ʃe,IPA_SEGMENT_MISMATCH,
pocinog,pocinoage,g,e,pot͡ʃinoGe,pot͡ʃinod͡ʒe,pot͡ʃinoad͡ʒe,IPA_SEGMENT_MISMATCH,
podgoreancă,podgorence,c,e,podɡoreanKe,podɡoreant͡ʃe,podɡorent͡ʃe,IPA_SEGMENT_MISMATCH,
podișcă,podiști,c,i,podiʃKi,podiʃtj,podiʃti,SHCA_CLUSTER_DATA,
podvadă,podvezi,d,i,podvaDi,podvazj,podvezi,IPA_SEGMENT_MISMATCH,
podveadă,podvezi,d,i,podveaDi,podveazj,podvezi,IPA_SEGMENT_MISMATCH,
podăreasă,podărese,s,e,podərease,podərease,podərese,IPA_SEGMENT_MISMATCH,
poftitoreasă,poftitorese,s,e,poftitorease,poftitorease,poftitorese,IPA_SEGMENT_MISMATCH,
poiată,poieți,t,i,poiaTi,poiat͡sj,poiet͡si,IPA_SEGMENT_MISMATCH,
polaritate,polarități,t,i,polaritaTi,polaritat͡sj,polaritət͡si,IPA_SEGMENT_MISMATCH,
polc,polcuri,c,uri,polt͡suri,polt͡surj,polkuri,IPA_SEGMENT_MISMATCH,
poloboc,poloboace,c,e,poloboKe,polobot͡ʃe,poloboat͡ʃe,IPA_SEGMENT_MISMATCH,
polușcă,poluște,c,e,poluʃKe,poluʃte,poluʃte,UNKNOWN,
pomadă,pomezi,d,i,pomaDi,pomazj,pomezi,IPA_SEGMENT_MISMATCH,
pomanagioaică,pomanagioaice,c,e,pomanad͡ʒioajKe,pomanad͡ʒioajt͡ʃe,pomanad͡ʒioait͡ʃe,IPA_SEGMENT_MISMATCH,
pomeneată,pomenete,t,e,pomeneate,pomeneate,pomenete,IPA_SEGMENT_MISMATCH,
pominoc,pominoace,c,e,pominoKe,pominot͡ʃe,pominoat͡ʃe,IPA_SEGMENT_MISMATCH,
ponderitate,ponderități,t,i,ponderitaTi,ponderitat͡sj,ponderitət͡si,IPA_SEGMENT_MISMATCH,
ponos,ponoase,s,e,ponose,ponose,ponoase,IPA_SEGMENT_MISMATCH,
pontificat,pontificate,t,e,puntifikate,puntifikate,pontifikate,IPA_SEGMENT_MISMATCH,
ponudă,ponoduri,d,uri,ponuduri,ponudurj,ponoduri,IPA_SEGMENT_MISMATCH,
popeasă,popese,s,e,popease,popease,popese,IPA_SEGMENT_MISMATCH,
popicăreasă,popicărese,s,e,popikərease,popikərease,popikərese,IPA_SEGMENT_MISMATCH,
porcăreasă,porcărese,s,e,porkərease,porkərease,porkərese,IPA_SEGMENT_MISMATCH,
poroboc,poroboace,c,e,poroboKe,porobot͡ʃe,poroboat͡ʃe,IPA_SEGMENT_MISMATCH,
portbaionetă,portbaionete,t,e,portbajonete,portbajonete,portbaionete,IPA_SEGMENT_MISMATCH,
porthartă,porthărți,t,i,portharTi,porthart͡sj,porthərt͡si,IPA_SEGMENT_MISMATCH,
portmantou,portmantouri,t,uri,portmantouuri,portmantouurj,portmantouri,IPA_SEGMENT_MISMATCH,
portunealtă,portunelte,t,e,portunealte,portunealte,portunelte,IPA_SEGMENT_MISMATCH,
portăreasă,portărese,s,e,portərease,portərease,portərese,IPA_SEGMENT_MISMATCH,
porumbică,porumbele,c,e,porumbiKe,porumbit͡ʃe,porumbele,ICA_SUPPLETION,
porumboaică,porumboaice,c,e,porumboajKe,porumboajt͡ʃe,porumboait͡ʃe,IPA_SEGMENT_MISMATCH,
porumbăreasă,porumbărese,s,e,porumbərease,porumbərease,porumbərese,IPA_SEGMENT_MISMATCH,
posibilitate,posibilități,t,i,posibilitaTi,posibilitat͡sj,posibilitət͡si,IPA_SEGMENT_MISMATCH,
postelniceasă,postelnicese,s,e,postelnit͡ʃase,postelnit͡ʃase,postelnit͡ʃese,IPA_SEGMENT_MISMATCH,
postmodernitate,postmodernități,t,i,postmodernitaTi,postmodernitat͡sj,postmodernitət͡si,IPA_SEGMENT_MISMATCH,
postăvăreasă,postăvărese,s,e,postəvərease,postəvərease,postəvərese,IPA_SEGMENT_MISMATCH,
potcovoreasă,potcovorese,s,e,potkovorease,potkovorease,potkovorese,IPA_SEGMENT_MISMATCH,
potcă,potce,c,e,poTKe,pot͡st͡ʃe,pott͡ʃe,IPA_SEGMENT_MISMATCH,
potestate,potestăți,t,i,potestaTi,potestat͡sj,potestət͡si,IPA_SEGMENT_MISMATCH,
potroc,potroace,c,e,potroKe,potrot͡ʃe,potroat͡ʃe,IPA_SEGMENT_MISMATCH,
potropopeasă,potropopese,s,e,potropopease,potropopease,potropopese,IPA_SEGMENT_MISMATCH,
pound,pounzi,d,i,pawnDi,pawnzj,pounzi,IPA_SEGMENT_MISMATCH,
povarnagioaică,povarnagioaice,c,e,povarnad͡ʒioajKe,povarnad͡ʒioajt͡ʃe,povarnad͡ʒioait͡ʃe,IPA_SEGMENT_MISMATCH,
povescă,poveșci,s,i,poveSKi,poveʃtj,poveʃt͡ʃi,IPA_SEGMENT_MISMATCH,sc(ă)+i
poșovaică,poșovaici,c,i,poʃovajKi,poʃovajt͡ʃj,poʃovait͡ʃi,IPA_SEGMENT_MISMATCH,
poștă,poște,t,e,poʃte,poʃte,poʃte,UNKNOWN,
pradă,prăzi,d,i,praDi,prazj,prəzi,IPA_SEGMENT_MISMATCH,
prahoveancă,prahovence,c,e,prahoveanKe,prahoveant͡ʃe,prahovent͡ʃe,IPA_SEGMENT_MISMATCH,
praz,praji,z,i,prazi,prazj,praʒi,UNKNOWN,
preasfânt,preasfinți,t,i,preasfɨnTi,preasfɨnt͡sj,preasfint͡si,IPA_SEGMENT_MISMATCH,
preatcă,pretce,c,e,preaTKe,preat͡st͡ʃe,prett͡ʃe,IPA_SEGMENT_MISMATCH,
preavecinătate,preavecinătatăți,t,i,preavet͡ʃinətaTi,preavet͡ʃinətat͡sj,preavet͡ʃinətatət͡si,IPA_SEGMENT_MISMATCH,
precomandă,precomenzi,d,i,prekomanDi,prekomanzj,prekomenzi,IPA_SEGMENT_MISMATCH,
prejudecată,prejudecăți,t,i,preʒudekaTi,preʒudekat͡sj,preʒudekət͡si,IPA_SEGMENT_MISMATCH,
prelucrabilitate,prelucrabilitatăți,t,i,prelukrabilitaTi,prelukrabilitat͡sj,prelukrabilitatət͡si,IPA_SEGMENT_MISMATCH,
premodernitate,premodernități,t,i,premodernitaTi,premodernitat͡sj,premodernitət͡si,IPA_SEGMENT_MISMATCH,
preoteasă,preotese,s,e,preotease,preotease,preotese,IPA_SEGMENT_MISMATCH,
prepeleag,prepelege,g,e,prepeleaGe,prepelead͡ʒe,prepeled͡ʒe,IPA_SEGMENT_MISMATCH,
prepubertate,prepubertatăți,t,i,prepubertaTi,prepubertat͡sj,prepubertatət͡si,IPA_SEGMENT_MISMATCH,
prescurăreasă,prescurărese,s,e,preskurərease,preskurərease,preskurərese,IPA_SEGMENT_MISMATCH,
preuteasă,preutese,s,e,preutease,preutease,preutese,IPA_SEGMENT_MISMATCH,
pribeag,pribegi,g,i,pribeaGi,pribead͡ʒj,pribed͡ʒi,IPA_SEGMENT_MISMATCH,
pribeagă,pribege,g,e,pribeaGe,pribead͡ʒe,pribed͡ʒe,IPA_SEGMENT_MISMATCH,
primăreasă,primărese,s,e,primərease,primərease,primərese,IPA_SEGMENT_MISMATCH,
prințoaică,prințoaice,c,e,print͡soajKe,print͡soajt͡ʃe,print͡soait͡ʃe,IPA_SEGMENT_MISMATCH,
prioritate,priorități,t,i,prijoritaTi,prijoritat͡sj,prioritət͡si,IPA_SEGMENT_MISMATCH,
prisacă,prisăci,c,i,prisaKi,prisat͡ʃj,prisət͡ʃi,IPA_SEGMENT_MISMATCH,
probabilitate,probabilități,t,i,probabilitaTi,probabilitat͡sj,probabilitət͡si,IPA_SEGMENT_MISMATCH,
procesivitate,procesivitatăți,t,i,prot͡ʃesivitaTi,prot͡ʃesivitat͡sj,prot͡ʃesivitatət͡si,IPA_SEGMENT_MISMATCH,
prodigalitate,prodigalități,t,i,prodiɡalitaTi,prodiɡalitat͡sj,prodiɡalitət͡si,IPA_SEGMENT_MISMATCH,
profesoreasă,profesorese,s,e,profesorease,profesorease,profesorese,IPA_SEGMENT_MISMATCH,
pronunciamento,pronunciamentouri,t,uri,pronunt͡ʃamentouri,pronunt͡ʃamentourj,pronunt͡ʃiamentouri,IPA_SEGMENT_MISMATCH,
proporționalitate,proporționalități,t,i,proport͡sionalitaTi,proport͡sionalitat͡sj,proport͡sionalitət͡si,IPA_SEGMENT_MISMATCH,
proprietate,proprietăți,t,i,proprietaTi,proprietat͡sj,proprietət͡si,IPA_SEGMENT_MISMATCH,
proprietăreasă,proprietărese,s,e,proprietərease,proprietərease,proprietərese,IPA_SEGMENT_MISMATCH,
protopopeasă,protopopese,s,e,protopopease,protopopease,protopopese,IPA_SEGMENT_MISMATCH,
prusiancă,prusience,c,e,prusianKe,prusiant͡ʃe,prusient͡ʃe,IPA_SEGMENT_MISMATCH,
prăjiturică,prăjiturele,c,e,prəʒituriKe,prəʒiturit͡ʃe,prəʒiturele,ICA_SUPPLETION,
pseudocod,pseudocoduri,d,uri,psewdokoduri,psewdokodurj,pseudokoduri,IPA_SEGMENT_MISMATCH,
pubertate,pubertăți,t,i,pubertaTi,pubertat͡sj,pubertət͡si,IPA_SEGMENT_MISMATCH,
pufoaică,pufoaice,c,e,pufoajKe,pufoajt͡ʃe,pufoait͡ʃe,IPA_SEGMENT_MISMATCH,
puică,puici,c,i,pujKi,pujt͡ʃj,puit͡ʃi,IPA_SEGMENT_MISMATCH,
pungășoaică,pungășoaice,c,e,punɡəʃoajKe,punɡəʃoajt͡ʃe,punɡəʃoait͡ʃe,IPA_SEGMENT_MISMATCH,
pupezică,pupezele,c,e,pupeziKe,pupezit͡ʃe,pupezele,ICA_SUPPLETION,
pupezoaică,pupezoaice,c,e,pupezoajKe,pupezoajt͡ʃe,pupezoait͡ʃe,IPA_SEGMENT_MISMATCH,
pupăză,pupeze,z,e,pupəze,pupəze,pupeze,IPA_SEGMENT_MISMATCH,
puritate,purități,t,i,puritaTi,puritat͡sj,puritət͡si,IPA_SEGMENT_MISMATCH,
pustietate,pustietăți,t,i,pustietaTi,pustietat͡sj,pustietət͡si,IPA_SEGMENT_MISMATCH,
pustiitate,pustiități,t,i,pustiitaTi,pustiitat͡sj,pustiitət͡si,IPA_SEGMENT_MISMATCH,
putibilitate,putibilități,t,i,putibilitaTi,putibilitat͡sj,putibilitət͡si,IPA_SEGMENT_MISMATCH,
putinică,putinele,c,e,putiniKe,putinit͡ʃe,putinele,ICA_SUPPLETION,
putorișcă,putoriști,c,i,putoriʃKi,putoriʃtj,putoriʃti,SHCA_CLUSTER_DATA,
putto,putti,t,i,,,putti,UNKNOWN,
pușcă,puști,c,i,puʃKi,puʃtj,puʃti,SHCA_CLUSTER_DATA,
puștoaică,puștoaice,c,e,puʃtoajKe,puʃtoajt͡ʃe,puʃtoait͡ʃe,IPA_SEGMENT_MISMATCH,
puțuică,puțuici,c,i,put͡sujKi,put͡sujt͡ʃj,put͡suit͡ʃi,IPA_SEGMENT_MISMATCH,
pâinăreasă,pâinărese,s,e,pɨinərease,pɨinərease,pɨinərese,IPA_SEGMENT_MISMATCH,
pârcălăbeasă,pârcălăbese,s,e,pɨrkələbease,pɨrkələbease,pɨrkələbese,IPA_SEGMENT_MISMATCH,
pârlog,pârloage,g,e,pɨrloGe,pɨrlod͡ʒe,pɨrload͡ʒe,IPA_SEGMENT_MISMATCH,
pârșoaică,pârșoaice,c,e,pɨrʃoajKe,pɨrʃoajt͡ʃe,pɨrʃoait͡ʃe,IPA_SEGMENT_MISMATCH,
pârțuică,pârțuici,c,i,pɨrt͡sujKi,pɨrt͡sujt͡ʃj,pɨrt͡suit͡ʃi,IPA_SEGMENT_MISMATCH,
pâslăreasă,pâslărese,s,e,pɨslərease,pɨslərease,pɨslərese,IPA_SEGMENT_MISMATCH,
păcurăreasă,păcurărese,s,e,pəkurərease,pəkurərease,pəkurərese,IPA_SEGMENT_MISMATCH,
pădureancă,pădurence,c,e,pədureanKe,pədureant͡ʃe,pədurent͡ʃe,IPA_SEGMENT_MISMATCH,
pădurică,pădurele,c,e,pəduriKe,pədurit͡ʃe,pədurele,ICA_SUPPLETION,
păgânătate,păgânătăți,t,i,pəɡɨnətaTi,pəɡɨnətat͡sj,pəɡɨnətət͡si,IPA_SEGMENT_MISMATCH,
păhărniceasă,păhărnicese,s,e,pəhərnit͡ʃase,pəhərnit͡ʃase,pəhərnit͡ʃese,IPA_SEGMENT_MISMATCH,
păiețică,păiețele,c,e,pəiet͡siKe,pəiet͡sit͡ʃe,pəiet͡sele,ICA_SUPPLETION,
păioasă,păoioase,s,e,pəioase,pəioase,pəoioase,IPA_SEGMENT_MISMATCH,
pălălaică,pălălaice,c,e,pələlajKe,pələlajt͡ʃe,pələlait͡ʃe,IPA_SEGMENT_MISMATCH,
pălăriereasă,pălărierese,s,e,pələrierease,pələrierease,pələrierese,IPA_SEGMENT_MISMATCH,
pământeancă,pământence,c,e,pəmɨnteanKe,pəmɨnteant͡ʃe,pəmɨntent͡ʃe,IPA_SEGMENT_MISMATCH,
păpușică,păpușele,c,e,pəpuʃiKe,pəpuʃit͡ʃe,pəpuʃele,ICA_SUPPLETION,
păpușoaică,păpușoaice,c,e,pəpuʃoajKe,pəpuʃoajt͡ʃe,pəpuʃoait͡ʃe,IPA_SEGMENT_MISMATCH,
păserică,păserele,c,e,pəseriKe,pəserit͡ʃe,pəserele,ICA_SUPPLETION,
păseruică,păseruici,c,i,pəserujKi,pəserujt͡ʃj,pəseruit͡ʃi,IPA_SEGMENT_MISMATCH,
păsăroaică,păsăroaice,c,e,pəsəroajKe,pəsəroajt͡ʃe,pəsəroait͡ʃe,IPA_SEGMENT_MISMATCH,
păsăruică,păsăruici,c,i,pəsərujKi,pəsərujt͡ʃj,pəsəruit͡ʃi,IPA_SEGMENT_MISMATCH,
pătașcă,pătaște,c,e,pətaʃKe,pətaʃte,pətaʃte,UNKNOWN,
pătrunzătate,pătrunzătatăți,t,i,pətrunzətaTi,pətrunzətat͡sj,pətrunzətatət͡si,IPA_SEGMENT_MISMATCH,
pătrățică,pătrățele,c,e,pətrət͡siKe,pətrət͡sit͡ʃe,pətrət͡sele,ICA_SUPPLETION,
păturică,păturele,c,e,pəturiKe,pəturit͡ʃe,pəturele,ICA_SUPPLETION,
păuneasă,păunese,s,e,pəunease,pəunease,pəunese,IPA_SEGMENT_MISMATCH,
păunoaică,păunoaice,c,e,pəunoajKe,pəunoajt͡ʃe,pəunoait͡ʃe,IPA_SEGMENT_MISMATCH,
rachiereasă,rachierese,s,e,rakierease,rakierease,rakierese,IPA_SEGMENT_MISMATCH,
radioactualitate,radioactualități,t,i,radioaktualitaTi,radioaktualitat͡sj,radioaktualitət͡si,IPA_SEGMENT_MISMATCH,
radiocomandă,radiocomenzi,d,i,radiokomanDi,radiokomanzj,radiokomenzi,IPA_SEGMENT_MISMATCH,
radioecou,radioecouri,c,uri,radioekouuri,radioekouurj,radioekouri,IPA_SEGMENT_MISMATCH,
radou,radouri,d,uri,radouuri,radouurj,radouri,IPA_SEGMENT_MISMATCH,
rangă,răngi,g,i,ranGi,rand͡ʒj,rənd͡ʒi,IPA_SEGMENT_MISMATCH,
raritate,rarități,t,i,raritaTi,raritat͡sj,raritət͡si,IPA_SEGMENT_MISMATCH,
realitate,realități,t,i,realitaTi,realitat͡sj,realitət͡si,IPA_SEGMENT_MISMATCH,
reciprocitate,reciprocități,t,i,ret͡ʃiprot͡ʃitaTi,ret͡ʃiprot͡ʃitat͡sj,ret͡ʃiprot͡ʃitət͡si,IPA_SEGMENT_MISMATCH,
reductibilitate,reductibilități,t,i,reduktibilitaTi,reduktibilitat͡sj,reduktibilitət͡si,IPA_SEGMENT_MISMATCH,
refrangibilitate,refrangibilități,t,i,refrand͡ʒibilitaTi,refrand͡ʒibilitat͡sj,refrand͡ʒibilitət͡si,IPA_SEGMENT_MISMATCH,
refugiat,refugiați,t,i,rəfuʒiaTi,rəfuʒiat͡sj,refud͡ʒiat͡si,IPA_SEGMENT_MISMATCH,
regalitate,regalități,t,i,reɡalitaTi,reɡalitat͡sj,reɡalitət͡si,IPA_SEGMENT_MISMATCH,
regularitate,regularități,t,i,reɡularitaTi,reɡularitat͡sj,reɡularitət͡si,IPA_SEGMENT_MISMATCH,
regățeancă,regățence,c,e,reɡət͡seanKe,reɡət͡seant͡ʃe,reɡət͡sent͡ʃe,IPA_SEGMENT_MISMATCH,
relativitate,relativități,t,i,relativitaTi,relativitat͡sj,relativitət͡si,IPA_SEGMENT_MISMATCH,
reluctivitate,reluctivități,t,i,reluktivitaTi,reluktivitat͡sj,reluktivitət͡si,IPA_SEGMENT_MISMATCH,
renoaică,renoaice,c,e,renoajKe,renoajt͡ʃe,renoait͡ʃe,IPA_SEGMENT_MISMATCH,
rentabilitate,rentabilități,t,i,rentabilitaTi,rentabilitat͡sj,rentabilitət͡si,IPA_SEGMENT_MISMATCH,
retardat,retardați,t,i,rətərdaTi,rətərdat͡sj,retardat͡si,IPA_SEGMENT_MISMATCH,
retroactivitate,retroactivități,t,i,retroaktivitaTi,retroaktivitat͡sj,retroaktivitət͡si,IPA_SEGMENT_MISMATCH,
reutate,reutăți,t,i,reutaTi,reutat͡sj,reutət͡si,IPA_SEGMENT_MISMATCH,
reziduu,reziduuri,d,uri,reziduuuri,reziduuurj,reziduuri,IPA_SEGMENT_MISMATCH,
rezistivitate,rezistivități,t,i,rezistivitaTi,rezistivitat͡sj,rezistivitət͡si,IPA_SEGMENT_MISMATCH,
reșițeancă,reșițence,c,e,reʃit͡seanKe,reʃit͡seant͡ʃe,reʃit͡sent͡ʃe,IPA_SEGMENT_MISMATCH,
ridiculitate,ridiculitatăți,t,i,ridikulitaTi,ridikulitat͡sj,ridikulitatət͡si,IPA_SEGMENT_MISMATCH,
ridiculozitate,ridiculozitatăți,t,i,ridikulozitaTi,ridikulozitat͡sj,ridikulozitatət͡si,IPA_SEGMENT_MISMATCH,
rigiditate,rigidități,t,i,rid͡ʒiditaTi,rid͡ʒiditat͡sj,rid͡ʒiditət͡si,IPA_SEGMENT_MISMATCH,
ritmicitate,ritmicități,t,i,ritmit͡ʃitaTi,ritmit͡ʃitat͡sj,ritmit͡ʃitət͡si,IPA_SEGMENT_MISMATCH,
rivalitate,rivalități,t,i,rivalitaTi,rivalitat͡sj,rivalitət͡si,IPA_SEGMENT_MISMATCH,
rizibilitate,rizibilitatăți,t,i,rizibilitaTi,rizibilitat͡sj,rizibilitatət͡si,IPA_SEGMENT_MISMATCH,
rișcă,riște,c,e,riʃKe,riʃte,riʃte,UNKNOWN,
roată,roți,t,i,roaTi,roat͡sj,rot͡si,IPA_SEGMENT_MISMATCH,
rohatcă,rohătci,c,i,rohaTKi,rohat͡st͡ʃj,rohətt͡ʃi,IPA_SEGMENT_MISMATCH,
românitate,românități,t,i,romɨnitaTi,romɨnitat͡sj,romɨnitət͡si,IPA_SEGMENT_MISMATCH,
rondou,rondouri,d,uri,rondouuri,rondouurj,rondouri,IPA_SEGMENT_MISMATCH,
rotcă,rotci,c,i,roTKi,rot͡st͡ʃj,rott͡ʃi,IPA_SEGMENT_MISMATCH,
rotunditate,rotundități,t,i,rotunditaTi,rotunditat͡sj,rotunditət͡si,IPA_SEGMENT_MISMATCH,
rotăreasă,rotărese,s,e,rotərease,rotərease,rotərese,IPA_SEGMENT_MISMATCH,
rourică,rourele,c,e,rouriKe,rourit͡ʃe,rourele,ICA_SUPPLETION,
roznoveancă,roznovence,c,e,roznoveanKe,roznoveant͡ʃe,roznovent͡ʃe,IPA_SEGMENT_MISMATCH,
roșioreancă,roșiorence,c,e,roʃioreanKe,roʃioreant͡ʃe,roʃiorent͡ʃe,IPA_SEGMENT_MISMATCH,
roștung,roștunguri,g,uri,roʃtunɡuri,roʃtunɡurj,roʃtunɡuri,UNKNOWN,
rubașcă,rubăști,c,i,rubaʃKi,rubaʃtj,rubəʃti,SHCA_CLUSTER_DATA,
rudăreasă,rudărese,s,e,rudərease,rudərease,rudərese,IPA_SEGMENT_MISMATCH,
rugozitate,rugozități,t,i,ruɡozitaTi,ruɡozitat͡sj,ruɡozitət͡si,IPA_SEGMENT_MISMATCH,
rusoaică,rusoaice,c,e,rusoajKe,rusoajt͡ʃe,rusoait͡ʃe,IPA_SEGMENT_MISMATCH,
ruteancă,rutence,c,e,ruteanKe,ruteant͡ʃe,rutent͡ʃe,IPA_SEGMENT_MISMATCH,
rușcă,ruști,c,i,ruʃKi,ruʃtj,ruʃti,SHCA_CLUSTER_DATA,
râsoaică,râsoaice,c,e,rɨsoajKe,rɨsoajt͡ʃe,rɨsoait͡ʃe,IPA_SEGMENT_MISMATCH,
râșnoveancă,râșnovence,c,e,rɨʃnoveanKe,rɨʃnoveant͡ʃe,rɨʃnovent͡ʃe,IPA_SEGMENT_MISMATCH,
răchițică,răchițele,c,e,,,rəkit͡sele,ICA_SUPPLETION,
răcoaică,răcoaice,c,e,rəkoajKe,rəkoajt͡ʃe,rəkoait͡ʃe,IPA_SEGMENT_MISMATCH,
rădașcă,rădaște,c,e,rədaʃKe,rədaʃte,rədaʃte,UNKNOWN,
rădăuțeancă,rădăuțence,c,e,rədəut͡seanKe,rədəut͡seant͡ʃe,rədəut͡sent͡ʃe,IPA_SEGMENT_MISMATCH,
rămurică,rămurele,c,e,rəmuriKe,rəmurit͡ʃe,rəmurele,ICA_SUPPLETION,
răncău,răncăuri,c,uri,rənkəuuri,rənkəuurj,rənkəuri,IPA_SEGMENT_MISMATCH,
răotate,răotăți,t,i,rəotaTi,rəotat͡sj,rəotət͡si,IPA_SEGMENT_MISMATCH,
răsplată,răsplăți,t,i,rəsplaTi,rəsplat͡sj,rəsplət͡si,IPA_SEGMENT_MISMATCH,
răspunzătate,răspunzătăți,t,i,rəspunzətaTi,rəspunzətat͡sj,rəspunzətət͡si,IPA_SEGMENT_MISMATCH,
răsăriteancă,răsăritence,c,e,rəsəriteanKe,rəsəriteant͡ʃe,rəsəritent͡ʃe,IPA_SEGMENT_MISMATCH,
rătează,răteze,z,e,rəteaze,rəteaze,rəteze,IPA_SEGMENT_MISMATCH,
răutate,răutăți,t,i,rəutaTi,rəutat͡sj,rəutət͡si,IPA_SEGMENT_MISMATCH,
rățoaică,rățoaice,c,e,rət͡soajKe,rət͡soajt͡ʃe,rət͡soait͡ʃe,IPA_SEGMENT_MISMATCH,
rățuică,rățuici,c,i,rət͡sujKi,rət͡sujt͡ʃj,rət͡suit͡ʃi,IPA_SEGMENT_MISMATCH,
rățușcă,rățuște,c,e,rət͡suʃKe,rət͡suʃte,rət͡suʃte,UNKNOWN,
sabineancă,sabinence,c,e,sabineanKe,sabineant͡ʃe,sabinent͡ʃe,IPA_SEGMENT_MISMATCH,
sacagioaică,sacagioaice,c,e,sakad͡ʒioajKe,sakad͡ʒioajt͡ʃe,sakad͡ʒioait͡ʃe,IPA_SEGMENT_MISMATCH,
sacou,sacouri,c,uri,sakouuri,sakouurj,sakouri,IPA_SEGMENT_MISMATCH,
salaică,salăici,c,i,salajKi,salajt͡ʃj,saləit͡ʃi,IPA_SEGMENT_MISMATCH,
salcă,sălci,c,i,salKi,salt͡ʃj,səlt͡ʃi,IPA_SEGMENT_MISMATCH,
samarineancă,samarinence,c,e,samarineanKe,samarineant͡ʃe,samarinent͡ʃe,IPA_SEGMENT_MISMATCH,
samariteancă,samaritence,c,e,samariteanKe,samariteant͡ʃe,samaritent͡ʃe,IPA_SEGMENT_MISMATCH,
sanctitate,sanctități,t,i,sanktitaTi,sanktitat͡sj,sanktitət͡si,IPA_SEGMENT_MISMATCH,
sască,săști,s,i,saSKi,saʃtj,səʃti,IPA_SEGMENT_MISMATCH,sc(ă)+i
satelit,sateliți,t,i,satəliTi,satəlit͡sj,satelit͡si,IPA_SEGMENT_MISMATCH,
satulungeancă,satulungence,c,e,satulund͡ʒanKe,satulund͡ʒant͡ʃe,satulund͡ʒent͡ʃe,IPA_SEGMENT_MISMATCH,
scabrozitate,scabrozități,t,i,skabrozitaTi,skabrozitat͡sj,skabrozitət͡si,IPA_SEGMENT_MISMATCH,
scandalagioaică,scandalagioaice,c,e,skandalad͡ʒioajKe,skandalad͡ʒioajt͡ʃe,skandalad͡ʒioait͡ʃe,IPA_SEGMENT_MISMATCH,
scandalitate,scandalități,t,i,skandalitaTi,skandalitat͡sj,skandalitət͡si,IPA_SEGMENT_MISMATCH,
scoică,scoici,c,i,skojKi,skojt͡ʃj,skoit͡ʃi,IPA_SEGMENT_MISMATCH,
scorțică,scorțele,c,e,skort͡siKe,skort͡sit͡ʃe,skort͡sele,ICA_SUPPLETION,
scovardă,scoverzi,d,i,skovarDi,skovarzj,skoverzi,IPA_SEGMENT_MISMATCH,
scrisorică,scrisorele,c,e,skrisoriKe,skrisorit͡ʃe,skrisorele,ICA_SUPPLETION,
scrâșnet,scrâșnete,t,e,skrɨʃnete,skrɨʃnete,skrɨʃnete,UNKNOWN,
scumpătate,scumpătăți,t,i,skumpətaTi,skumpətat͡sj,skumpətət͡si,IPA_SEGMENT_MISMATCH,
scurilitate,scurilități,t,i,skurilitaTi,skurilitat͡sj,skurilitət͡si,IPA_SEGMENT_MISMATCH,
scurteică,scurteici,c,i,skurtejKi,skurtejt͡ʃj,skurteit͡ʃi,IPA_SEGMENT_MISMATCH,
scut,scuturi,t,uri,skəturi,skəturj,skuturi,IPA_SEGMENT_MISMATCH,
scândurișcă,scânduriști,c,i,skɨnduriʃKi,skɨnduriʃtj,skɨnduriʃti,SHCA_CLUSTER_DATA,
scăpărământ,scăpărăminte,t,e,skəpərəmɨnte,skəpərəmɨnte,skəpərəminte,IPA_SEGMENT_MISMATCH,
scăzământ,scăzăminte,t,e,skəzəmɨnte,skəzəmɨnte,skəzəminte,IPA_SEGMENT_MISMATCH,
sebeșancă,sebeșence,c,e,sebeʃanKe,sebeʃant͡ʃe,sebeʃent͡ʃe,IPA_SEGMENT_MISMATCH,
secerică,secerele,c,e,set͡ʃeriKe,set͡ʃerit͡ʃe,set͡ʃerele,ICA_SUPPLETION,
seceruică,seceruice,c,e,set͡ʃerujKe,set͡ʃerujt͡ʃe,set͡ʃeruit͡ʃe,IPA_SEGMENT_MISMATCH,
secerățică,secerățele,c,e,set͡ʃerət͡siKe,set͡ʃerət͡sit͡ʃe,set͡ʃerət͡sele,ICA_SUPPLETION,
securitate,securități,t,i,sekuritaTi,sekuritat͡sj,sekuritət͡si,IPA_SEGMENT_MISMATCH,
semilegalitate,semilegalități,t,i,semileɡalitaTi,semileɡalitat͡sj,semileɡalitət͡si,IPA_SEGMENT_MISMATCH,
semiobscuritate,semiobscurități,t,i,semiobskuritaTi,semiobskuritat͡sj,semiobskuritət͡si,IPA_SEGMENT_MISMATCH,
semiopacitate,semiopacități,t,i,semiopat͡ʃitaTi,semiopat͡ʃitat͡sj,semiopat͡ʃitət͡si,IPA_SEGMENT_MISMATCH,
seninătate,seninătăți,t,i,seninətaTi,seninətat͡sj,seninətət͡si,IPA_SEGMENT_MISMATCH,
sensibilitate,sensibilități,t,i,sensibilitaTi,sensibilitat͡sj,sensibilitət͡si,IPA_SEGMENT_MISMATCH,
senzualitate,senzualități,t,i,senzualitaTi,senzualitat͡sj,senzualitət͡si,IPA_SEGMENT_MISMATCH,
serdăreasă,serdărese,s,e,serdərease,serdərease,serdərese,IPA_SEGMENT_MISMATCH,
sergent,sergenți,t,i,sərʒeni,sərʒenj,serd͡ʒent͡si,UNKNOWN,
serialitate,serialitatăți,t,i,serialitaTi,serialitat͡sj,serialitatət͡si,IPA_SEGMENT_MISMATCH,
servitoreasă,servitorese,s,e,servitorease,servitorease,servitorese,IPA_SEGMENT_MISMATCH,
servocomandă,servocomenzi,d,i,servokomanDi,servokomanzj,servokomenzi,IPA_SEGMENT_MISMATCH,
severineancă,severinence,c,e,severineanKe,severineant͡ʃe,severinent͡ʃe,IPA_SEGMENT_MISMATCH,
severitate,severități,t,i,severitaTi,severitat͡sj,severitət͡si,IPA_SEGMENT_MISMATCH,
sfadă,sfezi,d,i,sfaDi,sfazj,sfezi,IPA_SEGMENT_MISMATCH,
sfințoaică,sfințoaice,c,e,sfint͡soajKe,sfint͡soajt͡ʃe,sfint͡soait͡ʃe,IPA_SEGMENT_MISMATCH,
sfânt,sfinți,t,i,sfɨnTi,sfɨnt͡sj,sfint͡si,IPA_SEGMENT_MISMATCH,
sfântă,sfinte,t,e,sfɨnte,sfɨnte,sfinte,IPA_SEGMENT_MISMATCH,
sfârlează,sfârleze,z,e,sfɨrleaze,sfɨrleaze,sfɨrleze,IPA_SEGMENT_MISMATCH,
sfârnăreasă,sfârnărese,s,e,sfɨrnərease,sfɨrnərease,sfɨrnərese,IPA_SEGMENT_MISMATCH,
sfănțuică,sfănțuici,c,i,sfənt͡sujKi,sfənt͡sujt͡ʃj,sfənt͡suit͡ʃi,IPA_SEGMENT_MISMATCH,
sfăt,sfeți,t,i,sfəTi,sfət͡sj,sfet͡si,IPA_SEGMENT_MISMATCH,
siberiancă,siberience,c,e,siberianKe,siberiant͡ʃe,siberient͡ʃe,IPA_SEGMENT_MISMATCH,
sibiancă,sibience,c,e,sibianKe,sibiant͡ʃe,sibient͡ʃe,IPA_SEGMENT_MISMATCH,
siciliancă,sicilience,c,e,sit͡ʃilianKe,sit͡ʃiliant͡ʃe,sit͡ʃilient͡ʃe,IPA_SEGMENT_MISMATCH,
sicofant,sicofanți,t,i,sikufani,sikufanj,sikofant͡si,UNKNOWN,
sighișoreancă,sighișorence,c,e,siɡiʃoreanKe,siɡiʃoreant͡ʃe,siɡiʃorent͡ʃe,IPA_SEGMENT_MISMATCH,
siguritate,sigurități,t,i,siɡuritaTi,siɡuritat͡sj,siɡuritət͡si,IPA_SEGMENT_MISMATCH,
simplitate,simplități,t,i,simplitaTi,simplitat͡sj,simplitət͡si,IPA_SEGMENT_MISMATCH,
simțemânt,simțeminte,t,e,simt͡semɨnte,simt͡semɨnte,simt͡seminte,IPA_SEGMENT_MISMATCH,
simțimânt,simțiminte,t,e,simt͡simɨnte,simt͡simɨnte,simt͡siminte,IPA_SEGMENT_MISMATCH,
simțământ,simțăminte,t,e,simt͡səmɨnte,simt͡səmɨnte,simt͡səminte,IPA_SEGMENT_MISMATCH,
sinceritate,sincerități,t,i,sint͡ʃeritaTi,sint͡ʃeritat͡sj,sint͡ʃeritət͡si,IPA_SEGMENT_MISMATCH,
sincronicitate,sincronicități,t,i,sinkronit͡ʃitaTi,sinkronit͡ʃitat͡sj,sinkronit͡ʃitət͡si,IPA_SEGMENT_MISMATCH,
sincronitate,sincronități,t,i,sinkronitaTi,sinkronitat͡sj,sinkronitət͡si,IPA_SEGMENT_MISMATCH,
singularitate,singularități,t,i,sinɡularitaTi,sinɡularitat͡sj,sinɡularitət͡si,IPA_SEGMENT_MISMATCH,
sinod,sinoade,d,e,sinode,sinode,sinoade,IPA_SEGMENT_MISMATCH,
sinodalitate,sinodalități,t,i,sinodalitaTi,sinodalitat͡sj,sinodalitət͡si,IPA_SEGMENT_MISMATCH,
sinuozitate,sinuozități,t,i,sinuozitaTi,sinuozitat͡sj,sinuozitət͡si,IPA_SEGMENT_MISMATCH,
sinăiancă,sinăience,c,e,sinəianKe,sinəiant͡ʃe,sinəient͡ʃe,IPA_SEGMENT_MISMATCH,
sit,situri,t,uri,səturi,səturj,situri,IPA_SEGMENT_MISMATCH,
sitișcă,sitiști,c,i,sitiʃKi,sitiʃtj,sitiʃti,SHCA_CLUSTER_DATA,
slang,slanguri,g,uri,slenɡuri,slenɡurj,slanɡuri,IPA_SEGMENT_MISMATCH,
slobodnic,slovodnici,c,i,slobodniKi,slobodnit͡ʃj,slovodnit͡ʃi,IPA_SEGMENT_MISMATCH,
slobozeancă,slobozence,c,e,slobozeanKe,slobozeant͡ʃe,slobozent͡ʃe,IPA_SEGMENT_MISMATCH,
slugereasă,slugerese,s,e,slud͡ʒerease,slud͡ʒerease,slud͡ʒerese,IPA_SEGMENT_MISMATCH,
slăbătate,slăbătăți,t,i,sləbətaTi,sləbətat͡sj,sləbətət͡si,IPA_SEGMENT_MISMATCH,
slătineancă,slătinence,c,e,slətineanKe,slətineant͡ʃe,slətinent͡ʃe,IPA_SEGMENT_MISMATCH,
soarte,sorți,t,i,soarTi,soart͡sj,sort͡si,IPA_SEGMENT_MISMATCH,
soartă,sorți,t,i,soarTi,soart͡sj,sort͡si,IPA_SEGMENT_MISMATCH,
societate,societăți,t,i,sot͡ʃjetaTi,sot͡ʃjetat͡sj,sot͡ʃietət͡si,IPA_SEGMENT_MISMATCH,
solubilitate,solubilități,t,i,solubilitaTi,solubilitat͡sj,solubilitət͡si,IPA_SEGMENT_MISMATCH,
somitate,somități,t,i,somitaTi,somitat͡sj,somitət͡si,IPA_SEGMENT_MISMATCH,
sonoritate,sonorități,t,i,sonoritaTi,sonoritat͡sj,sonoritət͡si,IPA_SEGMENT_MISMATCH,
sorginte,sorginți,t,i,sorɡinTi,sorɡint͡sj,sord͡ʒint͡si,IPA_SEGMENT_MISMATCH,
sorică,sorele,c,e,soriKe,sorit͡ʃe,sorele,ICA_SUPPLETION,
soroc,soroace,c,e,soroKe,sorot͡ʃe,soroat͡ʃe,IPA_SEGMENT_MISMATCH,
soruică,soruice,c,e,sorujKe,sorujt͡ʃe,soruit͡ʃe,IPA_SEGMENT_MISMATCH,
spagă,spăgi,g,i,spaGi,spad͡ʒj,spəd͡ʒi,IPA_SEGMENT_MISMATCH,
spanioloaică,spanioloaice,c,e,spanioloajKe,spanioloajt͡ʃe,spanioloait͡ʃe,IPA_SEGMENT_MISMATCH,
spată,spete,t,e,spate,spate,spete,IPA_SEGMENT_MISMATCH,
specialitate,specialități,t,i,spet͡ʃialitaTi,spet͡ʃialitat͡sj,spet͡ʃialitət͡si,IPA_SEGMENT_MISMATCH,
specificitate,specificități,t,i,spet͡ʃifit͡ʃitaTi,spet͡ʃifit͡ʃitat͡sj,spet͡ʃifit͡ʃitət͡si,IPA_SEGMENT_MISMATCH,
spetează,speteze,z,e,speteaze,speteaze,speteze,IPA_SEGMENT_MISMATCH,
spinărică,spinărele,c,e,spinəriKe,spinərit͡ʃe,spinərele,ICA_SUPPLETION,
spinăruică,spinăruici,c,i,spinərujKi,spinərujt͡ʃj,spinəruit͡ʃi,IPA_SEGMENT_MISMATCH,
spitalagioaică,spitalagioaice,c,e,spitalad͡ʒioajKe,spitalad͡ʒioajt͡ʃe,spitalad͡ʒioait͡ʃe,IPA_SEGMENT_MISMATCH,
spițereasă,spițerese,s,e,spit͡serease,spit͡serease,spit͡serese,IPA_SEGMENT_MISMATCH,
spoitoreasă,spoitorese,s,e,spoitorease,spoitorease,spoitorese,IPA_SEGMENT_MISMATCH,
spovadă,spovede,d,e,spovade,spovade,spovede,IPA_SEGMENT_MISMATCH,
spumozitate,spumozități,t,i,spumozitaTi,spumozitat͡sj,spumozitət͡si,IPA_SEGMENT_MISMATCH,
spălătoreasă,spălătorese,s,e,spələtorease,spələtorease,spələtorese,IPA_SEGMENT_MISMATCH,
spătăreasă,spătărese,s,e,spətərease,spətərease,spətərese,IPA_SEGMENT_MISMATCH,
stancă,stănci,c,i,stanKi,stant͡ʃj,stənt͡ʃi,IPA_SEGMENT_MISMATCH,
stand,standuri,d,uri,steənduri,steəndurj,standuri,IPA_SEGMENT_MISMATCH,
stenos,stenoser,s,e,stenose,stenose,stenoser,IPA_SEGMENT_MISMATCH,
sticlozitate,sticlozități,t,i,stiklozitaTi,stiklozitat͡sj,stiklozitət͡si,IPA_SEGMENT_MISMATCH,
stiglețică,stiglețele,c,e,stiɡlet͡siKe,stiɡlet͡sit͡ʃe,stiɡlet͡sele,ICA_SUPPLETION,
stolniceasă,stolnicese,s,e,stolnit͡ʃase,stolnit͡ʃase,stolnit͡ʃese,IPA_SEGMENT_MISMATCH,
stradă,străzi,d,i,straDi,strazj,strəzi,IPA_SEGMENT_MISMATCH,
streinătate,streinătăți,t,i,streinətaTi,streinətat͡sj,streinətət͡si,IPA_SEGMENT_MISMATCH,
strigoaică,strigoaice,c,e,striɡoajKe,striɡoajt͡ʃe,striɡoait͡ʃe,IPA_SEGMENT_MISMATCH,
strungăreasă,strungărese,s,e,strunɡərease,strunɡərease,strunɡərese,IPA_SEGMENT_MISMATCH,
strâmbătate,strâmbătăți,t,i,strɨmbətaTi,strɨmbətat͡sj,strɨmbətət͡si,IPA_SEGMENT_MISMATCH,
strâmtorică,strâmtorele,c,e,strɨmtoriKe,strɨmtorit͡ʃe,strɨmtorele,ICA_SUPPLETION,
stupiditate,stupidități,t,i,stupiditaTi,stupiditat͡sj,stupiditət͡si,IPA_SEGMENT_MISMATCH,
sturzoaică,sturzoaice,c,e,sturzoajKe,sturzoajt͡ʃe,sturzoait͡ʃe,IPA_SEGMENT_MISMATCH,
stânga,stânci,g,i,stɨnɡai,stɨnɡai,stɨnt͡ʃi,UNKNOWN,
suavitate,suavități,t,i,suavitaTi,suavitat͡sj,suavitət͡si,IPA_SEGMENT_MISMATCH,
subamiază,subamieze,z,e,subamiaze,subamiaze,subamieze,IPA_SEGMENT_MISMATCH,
subiect,subiecte,t,e,subjeKTe,subjekte,subiekte,IPA_SEGMENT_MISMATCH,ct(ă)+e
sublimitate,sublimități,t,i,sublimitaTi,sublimitat͡sj,sublimitət͡si,IPA_SEGMENT_MISMATCH,
subprodus,suproduse,s,e,subproduse,subproduse,suproduse,IPA_SEGMENT_MISMATCH,
subtilitate,subtilități,t,i,subtilitaTi,subtilitat͡sj,subtilitət͡si,IPA_SEGMENT_MISMATCH,
subunitate,subunități,t,i,subunitaTi,subunitat͡sj,subunitət͡si,IPA_SEGMENT_MISMATCH,
subțietate,subțietăți,t,i,subt͡sietaTi,subt͡sietat͡sj,subt͡sietət͡si,IPA_SEGMENT_MISMATCH,
subțiritate,subțirități,t,i,subt͡siritaTi,subt͡siritat͡sj,subt͡siritət͡si,IPA_SEGMENT_MISMATCH,
suceveancă,sucevence,c,e,sut͡ʃeveanKe,sut͡ʃeveant͡ʃe,sut͡ʃevent͡ʃe,IPA_SEGMENT_MISMATCH,
sulițică,sulițele,c,e,,,sulit͡sele,ICA_SUPPLETION,
summit,summituri,t,uri,samituri,samiturj,summituri,IPA_SEGMENT_MISMATCH,
sunaică,sunaice,c,e,sunajKe,sunajt͡ʃe,sunait͡ʃe,IPA_SEGMENT_MISMATCH,
sunnit,suniți,t,i,sunniTi,sunnit͡sj,sunit͡si,IPA_SEGMENT_MISMATCH,
supraintensitate,supraintensități,t,i,supraintensitaTi,supraintensitat͡sj,supraintensitət͡si,IPA_SEGMENT_MISMATCH,
suprarealitate,suprarealitatăți,t,i,suprarealitaTi,suprarealitat͡sj,suprarealitatət͡si,IPA_SEGMENT_MISMATCH,
surditate,surdități,t,i,surditaTi,surditat͡sj,surditət͡si,IPA_SEGMENT_MISMATCH,
suroritate,surorități,t,i,suroritaTi,suroritat͡sj,suroritət͡si,IPA_SEGMENT_MISMATCH,
surățică,surățele,c,e,surət͡siKe,surət͡sit͡ʃe,surət͡sele,ICA_SUPPLETION,
suveică,suveici,c,i,suvejKi,suvejt͡ʃj,suveit͡ʃi,IPA_SEGMENT_MISMATCH,
suveranitate,suveranități,t,i,suveranitaTi,suveranitat͡sj,suveranitət͡si,IPA_SEGMENT_MISMATCH,
suzeranitate,suzeranități,t,i,suzeranitaTi,suzeranitat͡sj,suzeranitət͡si,IPA_SEGMENT_MISMATCH,
svadă,svezi,d,i,svaDi,svazj,svezi,IPA_SEGMENT_MISMATCH,
sâmbătă,sâmbete,t,e,sɨmbəte,sɨmbəte,sɨmbete,IPA_SEGMENT_MISMATCH,
sânnicoleancă,sânnicolence,c,e,sɨnnikoleanKe,sɨnnikoleant͡ʃe,sɨnnikolent͡ʃe,IPA_SEGMENT_MISMATCH,
sârboaică,sârboaice,c,e,sɨrboajKe,sɨrboajt͡ʃe,sɨrboait͡ʃe,IPA_SEGMENT_MISMATCH,
săbiușcă,săbiuști,c,i,səbiuʃKi,səbiuʃtj,səbiuʃti,SHCA_CLUSTER_DATA,
săceleancă,săcelence,c,e,sət͡ʃeleanKe,sət͡ʃeleant͡ʃe,sət͡ʃelent͡ʃe,IPA_SEGMENT_MISMATCH,
săgetuică,săgetuice,c,e,səd͡ʒetujKe,səd͡ʒetujt͡ʃe,səd͡ʒetuit͡ʃe,IPA_SEGMENT_MISMATCH,
săgețică,săgețele,c,e,səd͡ʒet͡siKe,səd͡ʒet͡sit͡ʃe,səd͡ʒet͡sele,ICA_SUPPLETION,
sălăjeancă,sălăjence,c,e,sələʒeanKe,sələʒeant͡ʃe,sələʒent͡ʃe,IPA_SEGMENT_MISMATCH,
sălățică,sălățele,c,e,sələt͡siKe,sələt͡sit͡ʃe,sələt͡sele,ICA_SUPPLETION,
săniușcă,săniuști,c,i,səniuʃKi,səniuʃtj,səniuʃti,SHCA_CLUSTER_DATA,
săpoaică,săpoaice,c,e,səpoajKe,səpoajt͡ʃe,səpoait͡ʃe,IPA_SEGMENT_MISMATCH,
săpunăreasă,săpunărese,s,e,səpunərease,səpunərease,səpunərese,IPA_SEGMENT_MISMATCH,
sărmănică,sărmănele,c,e,sərməniKe,sərmənit͡ʃe,sərmənele,ICA_SUPPLETION,
sărăreasă,sărărese,s,e,sərərease,sərərease,sərərese,IPA_SEGMENT_MISMATCH,
săsoaică,săsoaice,c,e,səsoajKe,səsoajt͡ʃe,səsoait͡ʃe,IPA_SEGMENT_MISMATCH,
săteancă,sătence,c,e,səteanKe,səteant͡ʃe,sətent͡ʃe,IPA_SEGMENT_MISMATCH,
sătmăreancă,sătmărence,c,e,sətməreanKe,sətməreant͡ʃe,sətmərent͡ʃe,IPA_SEGMENT_MISMATCH,
tacă,tăci,c,i,taKi,tat͡ʃj,tət͡ʃi,IPA_SEGMENT_MISMATCH,
talancă,tălănci,c,i,talanKi,talant͡ʃj,tələnt͡ʃi,IPA_SEGMENT_MISMATCH,
talangă,tălăngi,g,i,talanGi,taland͡ʒj,tələnd͡ʒi,IPA_SEGMENT_MISMATCH,
talașcă,tălăști,c,i,talaʃKi,talaʃtj,tələʃti,SHCA_CLUSTER_DATA,
tambuchi,tambuchiuri,c,uri,tambukuri,tambukurj,tambukiuri,IPA_SEGMENT_MISMATCH,
tangou,tangouri,g,uri,tanɡouuri,tanɡouurj,tanɡouri,IPA_SEGMENT_MISMATCH,
tarancă,tărănci,c,i,taranKi,tarant͡ʃj,tərənt͡ʃi,IPA_SEGMENT_MISMATCH,
targă,tărgi,g,i,tarGi,tard͡ʒj,tərd͡ʒi,IPA_SEGMENT_MISMATCH,
taroc,taroace,c,e,taroKe,tarot͡ʃe,taroat͡ʃe,IPA_SEGMENT_MISMATCH,
tataie,tich,t,i,tataji,tataji,tikh,IPA_SEGMENT_MISMATCH,
tașcă,tăști,c,i,taʃKi,taʃtj,təʃti,SHCA_CLUSTER_DATA,
teacă,teci,c,i,teaKi,teat͡ʃj,tet͡ʃi,IPA_SEGMENT_MISMATCH,
tecuceancă,tecucence,c,e,tekut͡ʃanKe,tekut͡ʃant͡ʃe,tekut͡ʃent͡ʃe,IPA_SEGMENT_MISMATCH,
teleagă,telegi,g,i,teleaGi,telead͡ʒj,teled͡ʒi,IPA_SEGMENT_MISMATCH,
telecomandă,telecomenzi,d,i,telekomanDi,telekomanzj,telekomenzi,IPA_SEGMENT_MISMATCH,
teleloaică,teleloaice,c,e,teleloajKe,teleloajt͡ʃe,teleloait͡ʃe,IPA_SEGMENT_MISMATCH,
teleormăneancă,teleormănence,c,e,teleorməneanKe,teleorməneant͡ʃe,teleormənent͡ʃe,IPA_SEGMENT_MISMATCH,
temeritate,temerități,t,i,temeritaTi,temeritat͡sj,temeritət͡si,IPA_SEGMENT_MISMATCH,
tempestate,tempestăți,t,i,tempestaTi,tempestat͡sj,tempestət͡si,IPA_SEGMENT_MISMATCH,
tenebritate,tenebritatăți,t,i,tenebritaTi,tenebritat͡sj,tenebritatət͡si,IPA_SEGMENT_MISMATCH,
terfelog,terfeloage,g,e,terfeloGe,terfelod͡ʒe,terfeload͡ʒe,IPA_SEGMENT_MISMATCH,
teribilitate,teribilități,t,i,teribilitaTi,teribilitat͡sj,teribilitət͡si,IPA_SEGMENT_MISMATCH,
termosensibilitate,termosensibilități,t,i,termosensibilitaTi,termosensibilitat͡sj,termosensibilitət͡si,IPA_SEGMENT_MISMATCH,
tescăreasă,tescărese,s,e,teskərease,teskərease,teskərese,IPA_SEGMENT_MISMATCH,
teslăreasă,teslărese,s,e,teslərease,teslərease,teslərese,IPA_SEGMENT_MISMATCH,
teșrifat,teșrifaturi,t,uri,teʃrifaturi,teʃrifaturj,teʃrifaturi,UNKNOWN,
thailandeză,thailandeze,z,e,tajlandeze,tajlandeze,thailandeze,IPA_SEGMENT_MISMATCH,
tigroaică,tigroaice,c,e,tiɡroajKe,tiɡroajt͡ʃe,tiɡroait͡ʃe,IPA_SEGMENT_MISMATCH,
tilișcă,tiliști,c,i,tiliʃKi,tiliʃtj,tiliʃti,SHCA_CLUSTER_DATA,
timiditate,timidități,t,i,timiditaTi,timiditat͡sj,timiditət͡si,IPA_SEGMENT_MISMATCH,
timișeancă,timișence,c,e,timiʃeanKe,timiʃeant͡ʃe,timiʃent͡ʃe,IPA_SEGMENT_MISMATCH,
timișoreancă,timișorence,c,e,timiʃoreanKe,timiʃoreant͡ʃe,timiʃorent͡ʃe,IPA_SEGMENT_MISMATCH,
tingirică,tingirele,c,e,tind͡ʒiriKe,tind͡ʒirit͡ʃe,tind͡ʒirele,ICA_SUPPLETION,
tinichereasă,tinicherese,s,e,tinikerease,tinikerease,tinikerese,IPA_SEGMENT_MISMATCH,
tinichigereasă,tinichigerese,s,e,tinikid͡ʒerease,tinikid͡ʒerease,tinikid͡ʒerese,IPA_SEGMENT_MISMATCH,
tinichigioaică,tinichigioaice,c,e,tinikid͡ʒioajKe,tinikid͡ʒioajt͡ʃe,tinikid͡ʒioait͡ʃe,IPA_SEGMENT_MISMATCH,
titcă,titci,c,i,tiTKi,tit͡st͡ʃj,titt͡ʃi,IPA_SEGMENT_MISMATCH,
toi,toiuri,t,uri,tojuri,tojurj,toiuri,IPA_SEGMENT_MISMATCH,
toiag,toiege,g,e,tojaGe,tojad͡ʒe,toied͡ʒe,IPA_SEGMENT_MISMATCH,
tonalitate,tonalități,t,i,tonalitaTi,tonalitat͡sj,tonalitət͡si,IPA_SEGMENT_MISMATCH,
toplițeancă,toplițence,c,e,toplit͡seanKe,toplit͡seant͡ʃe,toplit͡sent͡ʃe,IPA_SEGMENT_MISMATCH,
toporișcă,toporiști,c,i,toporiʃKi,toporiʃtj,toporiʃti,SHCA_CLUSTER_DATA,
torcăreasă,torcărese,s,e,torkərease,torkərease,torkərese,IPA_SEGMENT_MISMATCH,
toriditate,toridități,t,i,toriditaTi,toriditat͡sj,toriditət͡si,IPA_SEGMENT_MISMATCH,
torpedou,torpedouri,d,uri,torpedouuri,torpedouurj,torpedouri,IPA_SEGMENT_MISMATCH,
totalitate,totalități,t,i,totalitaTi,totalitat͡sj,totalitət͡si,IPA_SEGMENT_MISMATCH,
tovărășică,tovărășele,c,e,tovərəʃiKe,tovərəʃit͡ʃe,tovərəʃele,ICA_SUPPLETION,
transilvăneancă,transilvănence,c,e,transilvəneanKe,transilvəneant͡ʃe,transilvənent͡ʃe,IPA_SEGMENT_MISMATCH,
trasabilitate,trasabilități,t,i,trasabilitaTi,trasabilitat͡sj,trasabilitət͡si,IPA_SEGMENT_MISMATCH,
triadă,traide,d,e,triade,triade,traide,IPA_SEGMENT_MISMATCH,
tricou,tricouri,c,uri,trikowuri,trikowurj,trikouri,IPA_SEGMENT_MISMATCH,
trinitate,trinități,t,i,trinitaTi,trinitat͡sj,trinitət͡si,IPA_SEGMENT_MISMATCH,
triunghi,triunghiuri,g,uri,triunɡuri,triunɡurj,triunɡiuri,IPA_SEGMENT_MISMATCH,
trivialitate,trivialități,t,i,trivialitaTi,trivialitat͡sj,trivialitət͡si,IPA_SEGMENT_MISMATCH,
trișcă,triște,c,e,triʃKe,triʃte,triʃte,UNKNOWN,
troacă,troci,c,i,troaKi,troat͡ʃj,trot͡ʃi,IPA_SEGMENT_MISMATCH,
trocățică,trocățele,c,e,trokət͡siKe,trokət͡sit͡ʃe,trokət͡sele,ICA_SUPPLETION,
trunchi,trunchiuri,c,uri,trunkuri,trunkurj,trunkiuri,IPA_SEGMENT_MISMATCH,
trusou,trusouri,s,uri,trusouuri,trusouurj,trusouri,IPA_SEGMENT_MISMATCH,
trușcă,truște,c,e,truʃKe,truʃte,truʃte,UNKNOWN,
trânjoaică,trânjoaice,c,e,trɨnʒoajKe,trɨnʒoajt͡ʃe,trɨnʒoait͡ʃe,IPA_SEGMENT_MISMATCH,
trădământ,trădăminte,t,e,trədəmɨnte,trədəmɨnte,trədəminte,IPA_SEGMENT_MISMATCH,
trămbițuică,trămbițuici,c,i,trəmbit͡sujKi,trəmbit͡sujt͡ʃj,trəmbit͡suit͡ʃi,IPA_SEGMENT_MISMATCH,
tuberozitate,tuberozități,t,i,tuberozitaTi,tuberozitat͡sj,tuberozitət͡si,IPA_SEGMENT_MISMATCH,
tufănică,tufănele,c,e,tufəniKe,tufənit͡ʃe,tufənele,ICA_SUPPLETION,
tulceancă,tulcence,c,e,tult͡ʃanKe,tult͡ʃant͡ʃe,tult͡ʃent͡ʃe,IPA_SEGMENT_MISMATCH,
tulnicăreasă,tulnicărese,s,e,tulnikərease,tulnikərease,tulnikərese,IPA_SEGMENT_MISMATCH,
turcoaică,turcoaice,c,e,turkoajKe,turkoajt͡ʃe,turkoait͡ʃe,IPA_SEGMENT_MISMATCH,
turdeancă,turdence,c,e,turdeanKe,turdeant͡ʃe,turdent͡ʃe,IPA_SEGMENT_MISMATCH,
tureac,turece,c,e,tureaKe,tureat͡ʃe,turet͡ʃe,IPA_SEGMENT_MISMATCH,
tureatcă,turetci,c,i,tureaTKi,tureat͡st͡ʃj,turett͡ʃi,IPA_SEGMENT_MISMATCH,
turment,turmente,t,e,turmene,turmene,turmente,IPA_SEGMENT_MISMATCH,
turneancă,turnence,c,e,turneanKe,turneant͡ʃe,turnent͡ʃe,IPA_SEGMENT_MISMATCH,
turturică,turturele,c,e,turturiKe,turturit͡ʃe,turturele,ICA_SUPPLETION,
tuse,tușuri,s,uri,,,tuʃuri,UNKNOWN,
tutungereasă,tutungerese,s,e,tutund͡ʒerease,tutund͡ʒerease,tutund͡ʒerese,IPA_SEGMENT_MISMATCH,
tutungioaică,tutungioaice,c,e,tutund͡ʒioajKe,tutund͡ʒioajt͡ʃe,tutund͡ʒioait͡ʃe,IPA_SEGMENT_MISMATCH,
tâlhăroaică,tâlhăroaice,c,e,tɨlhəroajKe,tɨlhəroajt͡ʃe,tɨlhəroait͡ʃe,IPA_SEGMENT_MISMATCH,
tâmplăreasă,tâmplărese,s,e,tɨmplərease,tɨmplərease,tɨmplərese,IPA_SEGMENT_MISMATCH,
târgmureșeancă,târgmureșence,c,e,tɨrɡmureʃeanKe,tɨrɡmureʃeant͡ʃe,tɨrɡmureʃent͡ʃe,IPA_SEGMENT_MISMATCH,
târgovișteancă,târgoviștence,c,e,tɨrɡoviʃteanKe,tɨrɡoviʃteant͡ʃe,tɨrɡoviʃtent͡ʃe,IPA_SEGMENT_MISMATCH,
târgumureșeancă,târgumureșence,c,e,tɨrɡumureʃeanKe,tɨrɡumureʃeant͡ʃe,tɨrɡumureʃent͡ʃe,IPA_SEGMENT_MISMATCH,
târnăveancă,târnăvence,c,e,tɨrnəveanKe,tɨrnəveant͡ʃe,tɨrnəvent͡ʃe,IPA_SEGMENT_MISMATCH,
tăbăcăreasă,tăbăcărese,s,e,təbəkərease,təbəkərease,təbəkərese,IPA_SEGMENT_MISMATCH,
tămâietoreasă,tămâietorese,s,e,təmɨietorease,təmɨietorease,təmɨietorese,IPA_SEGMENT_MISMATCH,
tărfălog,tărfăloage,g,e,tərfəloGe,tərfəlod͡ʒe,tərfəload͡ʒe,IPA_SEGMENT_MISMATCH,
tărtăroaică,tărtăroaice,c,e,tərtəroajKe,tərtəroajt͡ʃe,tərtəroait͡ʃe,IPA_SEGMENT_MISMATCH,
tătuică,tătuici,c,i,tətujKi,tətujt͡ʃj,tətuit͡ʃi,IPA_SEGMENT_MISMATCH,
tătăneasă,tătănese,s,e,tətənease,tətənease,tətənese,IPA_SEGMENT_MISMATCH,
tătăroaică,tătăroaice,c,e,tətəroajKe,tətəroajt͡ʃe,tətəroait͡ʃe,IPA_SEGMENT_MISMATCH,
tăureac,tăureci,c,i,təureaKi,təureat͡ʃj,təuret͡ʃi,IPA_SEGMENT_MISMATCH,
tăureanc,tăurenci,c,i,təureanKi,təureant͡ʃj,təurent͡ʃi,IPA_SEGMENT_MISMATCH,
ucraineancă,ucrainence,c,e,ukraineanKe,ukraineant͡ʃe,ukrainent͡ʃe,IPA_SEGMENT_MISMATCH,
uiagă,uiegi,g,i,uiaGi,uiad͡ʒj,uied͡ʒi,IPA_SEGMENT_MISMATCH,
umilitate,umilități,t,i,umilitaTi,umilitat͡sj,umilitət͡si,IPA_SEGMENT_MISMATCH,
unealtă,unelte,t,e,unealte,unealte,unelte,IPA_SEGMENT_MISMATCH,
unghi,unghiuri,g,uri,unɡuri,unɡurj,unɡiuri,IPA_SEGMENT_MISMATCH,
ungureancă,ungurence,c,e,unɡureanKe,unɡureant͡ʃe,unɡurent͡ʃe,IPA_SEGMENT_MISMATCH,
ungureasă,ungurese,s,e,unɡurease,unɡurease,unɡurese,IPA_SEGMENT_MISMATCH,
unguroaică,unguroaice,c,e,unɡuroajKe,unɡuroajt͡ʃe,unɡuroait͡ʃe,IPA_SEGMENT_MISMATCH,
universitate,universități,t,i,universitaTi,universitat͡sj,universitət͡si,IPA_SEGMENT_MISMATCH,
untăreasă,untărese,s,e,untərease,untərease,untərese,IPA_SEGMENT_MISMATCH,
urechiușcă,urechiuști,c,i,urekiuʃKi,urekiuʃtj,urekiuʃti,SHCA_CLUSTER_DATA,
urs,urși,s,i,dəbi,dəbj,urʃi,UNKNOWN,
ursoaică,ursoaice,c,e,ursoajKe,ursoajt͡ʃe,ursoait͡ʃe,IPA_SEGMENT_MISMATCH,
ursăreasă,ursărese,s,e,ursərease,ursərease,ursərese,IPA_SEGMENT_MISMATCH,
urzitoreasă,urzitorese,s,e,urzitorease,urzitorease,urzitorese,IPA_SEGMENT_MISMATCH,
urzăreasă,urzărese,s,e,urzərease,urzərease,urzərese,IPA_SEGMENT_MISMATCH,
urătoreasă,urătorese,s,e,urətorease,urətorease,urətorese,IPA_SEGMENT_MISMATCH,
uscăturică,uscăturele,c,e,uskəturiKe,uskəturit͡ʃe,uskəturele,ICA_SUPPLETION,
uzualitate,uzualități,t,i,uzualitaTi,uzualitat͡sj,uzualitət͡si,IPA_SEGMENT_MISMATCH,
vacs,vacsuri,s,uri,vat͡ssuri,vat͡ssurj,vaksuri,IPA_SEGMENT_MISMATCH,
vacuitate,vacuități,t,i,vakuitaTi,vakuitat͡sj,vakuitət͡si,IPA_SEGMENT_MISMATCH,
validitate,validități,t,i,validitaTi,validitat͡sj,validitət͡si,IPA_SEGMENT_MISMATCH,
vals,valsuri,s,uri,balsuri,balsurj,valsuri,IPA_SEGMENT_MISMATCH,
vargă,vergi,g,i,varGi,vard͡ʒj,verd͡ʒi,IPA_SEGMENT_MISMATCH,
variabilitate,variabilități,t,i,variabilitaTi,variabilitat͡sj,variabilitət͡si,IPA_SEGMENT_MISMATCH,
varicozitate,varicozități,t,i,varikozitaTi,varikozitat͡sj,varikozitət͡si,IPA_SEGMENT_MISMATCH,
varietate,varietăți,t,i,varietaTi,varietat͡sj,varietət͡si,IPA_SEGMENT_MISMATCH,
varză,verze,z,e,varze,varze,verze,IPA_SEGMENT_MISMATCH,
vasluiancă,vasluience,c,e,vasluianKe,vasluiant͡ʃe,vasluient͡ʃe,IPA_SEGMENT_MISMATCH,
vechietate,vechietăți,t,i,vekietaTi,vekietat͡sj,vekietət͡si,IPA_SEGMENT_MISMATCH,
vecinică,vecinele,c,e,vet͡ʃiniKe,vet͡ʃinit͡ʃe,vet͡ʃinele,ICA_SUPPLETION,
veleitate,veleități,t,i,veleitaTi,veleitat͡sj,veleitət͡si,IPA_SEGMENT_MISMATCH,
velocitate,velocități,t,i,velot͡ʃitaTi,velot͡ʃitat͡sj,velot͡ʃitət͡si,IPA_SEGMENT_MISMATCH,
venalitate,venalități,t,i,venalitaTi,venalitat͡sj,venalitət͡si,IPA_SEGMENT_MISMATCH,
venețiancă,venețience,c,e,venet͡sianKe,venet͡siant͡ʃe,venet͡sient͡ʃe,IPA_SEGMENT_MISMATCH,
venimozitate,venimozitatăți,t,i,venimozitaTi,venimozitat͡sj,venimozitatət͡si,IPA_SEGMENT_MISMATCH,
verdicică,verdicicele,c,e,verdit͡ʃiKe,verdit͡ʃit͡ʃe,verdit͡ʃit͡ʃele,ICA_SUPPLETION,
veritate,verități,t,i,veritaTi,veritat͡sj,veritət͡si,IPA_SEGMENT_MISMATCH,
verucozitate,verucozități,t,i,verukozitaTi,verukozitat͡sj,verukozitət͡si,IPA_SEGMENT_MISMATCH,
vesmânt,vesminte,t,e,vesmɨnte,vesmɨnte,vesminte,IPA_SEGMENT_MISMATCH,
vestmânt,vestminte,t,e,vestmɨnte,vestmɨnte,vestminte,IPA_SEGMENT_MISMATCH,
vetrușcă,vetruști,c,i,vetruʃKi,vetruʃtj,vetruʃti,SHCA_CLUSTER_DATA,
veșmânt,veșminte,t,e,veʃmɨnte,veʃmɨnte,veʃminte,IPA_SEGMENT_MISMATCH,
veștmânt,veștminte,t,e,veʃtmɨnte,veʃtmɨnte,veʃtminte,UNKNOWN,
vibratilitate,vibratilități,t,i,vibratilitaTi,vibratilitat͡sj,vibratilitət͡si,IPA_SEGMENT_MISMATCH,
vicinalitate,vicinalități,t,i,vit͡ʃinalitaTi,vit͡ʃinalitat͡sj,vit͡ʃinalitət͡si,IPA_SEGMENT_MISMATCH,
viduitate,viduități,t,i,viduitaTi,viduitat͡sj,viduitət͡si,IPA_SEGMENT_MISMATCH,
viereasă,vierese,s,e,vierease,vierease,vierese,IPA_SEGMENT_MISMATCH,
vietate,vietăți,t,i,vietaTi,vietat͡sj,vietət͡si,IPA_SEGMENT_MISMATCH,
viezuroaică,viezuroaice,c,e,viezuroajKe,viezuroajt͡ʃe,viezuroait͡ʃe,IPA_SEGMENT_MISMATCH,
vilozitate,vilozități,t,i,vilozitaTi,vilozitat͡sj,vilozitət͡si,IPA_SEGMENT_MISMATCH,
vinețică,vinețele,c,e,vinet͡siKe,vinet͡sit͡ʃe,vinet͡sele,ICA_SUPPLETION,
violet,violette,t,e,violete,violete,violette,IPA_SEGMENT_MISMATCH,
viorică,viorele,c,e,vioriKe,viorit͡ʃe,viorele,ICA_SUPPLETION,
vipușcă,vipuști,c,i,vipuʃKi,vipuʃtj,vipuʃti,SHCA_CLUSTER_DATA,
virilitate,virilități,t,i,virilitaTi,virilitat͡sj,virilitət͡si,IPA_SEGMENT_MISMATCH,
virtualitate,virtualități,t,i,virtualitaTi,virtualitat͡sj,virtualitət͡si,IPA_SEGMENT_MISMATCH,
virtuozitate,virtuozități,t,i,virtuozitaTi,virtuozitat͡sj,virtuozitət͡si,IPA_SEGMENT_MISMATCH,
viscozitate,viscozități,t,i,viskozitaTi,viskozitat͡sj,viskozitət͡si,IPA_SEGMENT_MISMATCH,
vistierniceasă,vistiernicese,s,e,vistiernit͡ʃase,vistiernit͡ʃase,vistiernit͡ʃese,IPA_SEGMENT_MISMATCH,
vitalitate,vitalități,t,i,vitalitaTi,vitalitat͡sj,vitalitət͡si,IPA_SEGMENT_MISMATCH,
vitrozitate,vitrozități,t,i,vitrozitaTi,vitrozitat͡sj,vitrozitət͡si,IPA_SEGMENT_MISMATCH,
vișinică,vișinele,c,e,viʃiniKe,viʃinit͡ʃe,viʃinele,ICA_SUPPLETION,
vițică,vițele,c,e,,,vit͡sele,ICA_SUPPLETION,
vodcă,vodci,c,i,voDKi,vozt͡ʃj,vodt͡ʃi,IPA_SEGMENT_MISMATCH,
vodeasă,vodese,s,e,vodease,vodease,vodese,IPA_SEGMENT_MISMATCH,
vohod,vohoade,d,e,vohode,vohode,vohoade,IPA_SEGMENT_MISMATCH,
voievod,voievozi,d,i,vojevoDi,vojevozj,voievozi,IPA_SEGMENT_MISMATCH,
voievodeasă,voievodese,s,e,voievodease,voievodease,voievodese,IPA_SEGMENT_MISMATCH,
voivodeasă,voivodese,s,e,voivodease,voivodease,voivodese,IPA_SEGMENT_MISMATCH,
volatilitate,volatilități,t,i,volatilitaTi,volatilitat͡sj,volatilitət͡si,IPA_SEGMENT_MISMATCH,
volog,voloage,g,e,voloGe,volod͡ʒe,voload͡ʒe,IPA_SEGMENT_MISMATCH,
vorniceasă,vornicese,s,e,vornit͡ʃase,vornit͡ʃase,vornit͡ʃese,IPA_SEGMENT_MISMATCH,
votcă,votci,c,i,voTKi,vot͡st͡ʃj,vott͡ʃi,IPA_SEGMENT_MISMATCH,
vrăjitoreasă,vrăjitorese,s,e,vrəʒitorease,vrəʒitorease,vrəʒitorese,IPA_SEGMENT_MISMATCH,
vulgaritate,vulgarități,t,i,vulɡaritaTi,vulɡaritat͡sj,vulɡaritət͡si,IPA_SEGMENT_MISMATCH,
vulpoaică,vulpoaice,c,e,vulpoajKe,vulpoajt͡ʃe,vulpoait͡ʃe,IPA_SEGMENT_MISMATCH,
vulturoaică,vulturoaice,c,e,vulturoajKe,vulturoajt͡ʃe,vulturoait͡ʃe,IPA_SEGMENT_MISMATCH,
vutcă,vutci,c,i,vuTKi,vut͡st͡ʃj,vutt͡ʃi,IPA_SEGMENT_MISMATCH,
vâlceancă,vâlcence,c,e,vɨlt͡ʃanKe,vɨlt͡ʃant͡ʃe,vɨlt͡ʃent͡ʃe,IPA_SEGMENT_MISMATCH,
vântă,vinte,t,e,vɨnte,vɨnte,vinte,IPA_SEGMENT_MISMATCH,
vânătă,vinete,t,e,vɨnəte,vɨnəte,vinete,IPA_SEGMENT_MISMATCH,
vâscozitate,vâscozități,t,i,vɨskozitaTi,vɨskozitat͡sj,vɨskozitət͡si,IPA_SEGMENT_MISMATCH,
văcăreasă,văcărese,s,e,vəkərease,vəkərease,vəkərese,IPA_SEGMENT_MISMATCH,
văleancă,vălence,c,e,vəleanKe,vəleant͡ʃe,vəlent͡ʃe,IPA_SEGMENT_MISMATCH,
vămeșoaică,vămeșoaice,c,e,vəmeʃoajKe,vəmeʃoajt͡ʃe,vəmeʃoait͡ʃe,IPA_SEGMENT_MISMATCH,
vărsământ,vărsăminte,t,e,vərsəmɨnte,vərsəmɨnte,vərsəminte,IPA_SEGMENT_MISMATCH,
watt,wați,t,i,waTTi,wat͡stj,wat͡si,IPA_SEGMENT_MISMATCH,
weekend,weekenduri,d,uri,ujkenduri,ujkendurj,weekenduri,IPA_SEGMENT_MISMATCH,
yard,yarzi,d,i,ɡərədhai,ɡərədhai,yarzi,UNKNOWN,
zaică,zaici,c,i,zajKi,zajt͡ʃj,zait͡ʃi,IPA_SEGMENT_MISMATCH,
zamcă,zămci,c,i,zamKi,zamt͡ʃj,zəmt͡ʃi,IPA_SEGMENT_MISMATCH,
zapoveadă,zapovezi,d,i,zapoveaDi,zapoveazj,zapovezi,IPA_SEGMENT_MISMATCH,
zarzavagioaică,zarzavagioaice,c,e,zarzavad͡ʒwaiKe,zarzavad͡ʒwait͡ʃe,zarzavad͡ʒioait͡ʃe,IPA_SEGMENT_MISMATCH,
zbiciușcă,zbiciuști,c,i,zbit͡ʃiuʃKi,zbit͡ʃiuʃtj,zbit͡ʃiuʃti,SHCA_CLUSTER_DATA,
zeadă,zede,d,e,zeade,zeade,zede,IPA_SEGMENT_MISMATCH,
zeitate,zeități,t,i,zeitaTi,zeitat͡sj,zeitət͡si,IPA_SEGMENT_MISMATCH,
zgancă,zgănci,c,i,zɡanKi,zɡant͡ʃj,zɡənt͡ʃi,IPA_SEGMENT_MISMATCH,
zgardă,zgărzi,d,i,zɡarDi,zɡarzj,zɡərzi,IPA_SEGMENT_MISMATCH,
zgripsoroaică,zgripsoroaice,c,e,zɡripsoroajKe,zɡripsoroajt͡ʃe,zɡripsoroait͡ʃe,IPA_SEGMENT_MISMATCH,
zgrunțurozitate,zgrunțurozități,t,i,zɡrunt͡surozitaTi,zɡrunt͡surozitat͡sj,zɡrunt͡surozitət͡si,IPA_SEGMENT_MISMATCH,
zgrăbunțică,zgrăbunțele,c,e,,,zɡrəbunt͡sele,ICA_SUPPLETION,
zgău,zgăuri,g,uri,zɡəwuri,zɡəwurj,zɡəuri,IPA_SEGMENT_MISMATCH,
zidăreasă,zidărese,s,e,zidərease,zidərease,zidərese,IPA_SEGMENT_MISMATCH,
zimniceancă,zimnicence,c,e,zimnit͡ʃanKe,zimnit͡ʃant͡ʃe,zimnit͡ʃent͡ʃe,IPA_SEGMENT_MISMATCH,
zlătăreasă,zlătărese,s,e,zlətərease,zlətərease,zlətərese,IPA_SEGMENT_MISMATCH,
zmeoaică,zmeoaice,c,e,zmeoajKe,zmeoajt͡ʃe,zmeoait͡ʃe,IPA_SEGMENT_MISMATCH,
zonalitate,zonalitatăți,t,i,zonalitaTi,zonalitat͡sj,zonalitatət͡si,IPA_SEGMENT_MISMATCH,
zveazdă,zvezde,d,e,zveazde,zveazde,zvezde,IPA_SEGMENT_MISMATCH,
zârnușcă,zârnuște,c,e,zɨrnuʃKe,zɨrnuʃte,zɨrnuʃte,UNKNOWN,
zăcământ,zăcăminte,t,e,zəkəmɨnte,zəkəmɨnte,zəkəminte,IPA_SEGMENT_MISMATCH,
zălăuancă,zălăuance,c,e,zələwanKe,zələwant͡ʃe,zələuant͡ʃe,IPA_SEGMENT_MISMATCH,
zăpadă,zăpezi,d,i,zəpaDi,zəpazj,zəpezi,IPA_SEGMENT_MISMATCH,
zărează,zărezi,z,i,zəreazi,zəreazj,zərezi,IPA_SEGMENT_MISMATCH,
zărzărică,zărzărele,c,e,zərzəriKe,zərzərit͡ʃe,zərzərele,ICA_SUPPLETION,
îmbold,mbolduri,d,uri,ɨmbolduri,ɨmboldurj,mbolduri,IPA_SEGMENT_MISMATCH,
îmbrăcământ,îmbrăcăminte,t,e,ɨmbrəkəmɨnte,ɨmbrəkəmɨnte,ɨmbrəkəminte,IPA_SEGMENT_MISMATCH,
împărăteasă,împărătese,s,e,ɨmpərətease,ɨmpərətease,ɨmpərətese,IPA_SEGMENT_MISMATCH,
încrezământ,încrezăminte,t,e,ɨnkrezəmɨnte,ɨnkrezəmɨnte,ɨnkrezəminte,IPA_SEGMENT_MISMATCH,
îndurătate,îndurătatăți,t,i,ɨndurətaTi,ɨndurətat͡sj,ɨndurətatət͡si,IPA_SEGMENT_MISMATCH,
înfrunt,nfrunturi,t,uri,ɨnfrunturi,ɨnfrunturj,nfrunturi,IPA_SEGMENT_MISMATCH,
îngrășământ,îngrășăminte,t,e,ɨnɡrəʃəmɨnte,ɨnɡrəʃəmɨnte,ɨnɡrəʃəminte,IPA_SEGMENT_MISMATCH,
însemnărică,însemnărele,c,e,ɨnsemnəriKe,ɨnsemnərit͡ʃe,ɨnsemnərele,ICA_SUPPLETION,
întorsureancă,întorsurence,c,e,ɨntorsureanKe,ɨntorsureant͡ʃe,ɨntorsurent͡ʃe,IPA_SEGMENT_MISMATCH,
întunerec,ntunerece,c,e,ɨntunereKe,ɨntuneret͡ʃe,ntuneret͡ʃe,IPA_SEGMENT_MISMATCH,
învățământ,învățăminte,t,e,ɨnvət͡səmɨnte,ɨnvət͡səmɨnte,ɨnvət͡səminte,IPA_SEGMENT_MISMATCH,
învățămînt,învățăminte,t,e,ɨnvət͡səmɨnte,ɨnvət͡səmɨnte,ɨnvət͡səminte,IPA_SEGMENT_MISMATCH,
învățătoreasă,învățătorese,s,e,ɨnvət͡sətorease,ɨnvət͡sətorease,ɨnvət͡sətorese,IPA_SEGMENT_MISMATCH,
șagă,șăgi,g,i,ʃaGi,ʃad͡ʒj,ʃəd͡ʒi,IPA_SEGMENT_MISMATCH,
șaltău,șaltăuri,t,uri,ʃaltəuuri,ʃaltəuurj,ʃaltəuri,IPA_SEGMENT_MISMATCH,
șașlâc,șașlâcuri,c,uri,ʃaʃlɨkuri,ʃaʃlɨkurj,ʃaʃlɨkuri,UNKNOWN,
șcătuică,șcătuici,c,i,ʃkətujKi,ʃkətujt͡ʃj,ʃkətuit͡ʃi,IPA_SEGMENT_MISMATCH,
șefuleasă,șefulese,s,e,ʃefulease,ʃefulease,ʃefulese,IPA_SEGMENT_MISMATCH,
șeic,șeici,c,i,ʃejKi,ʃejt͡ʃj,ʃeit͡ʃi,IPA_SEGMENT_MISMATCH,
șelăreasă,șelărese,s,e,ʃelərease,ʃelərease,ʃelərese,IPA_SEGMENT_MISMATCH,
șerpoaică,șerpoaice,c,e,ʃerpoajKe,ʃerpoajt͡ʃe,ʃerpoait͡ʃe,IPA_SEGMENT_MISMATCH,
șleahtă,șlehte,t,e,ʃleahte,ʃleahte,ʃlehte,UNKNOWN,
șloag,șloaguri,g,uri,ʃloaɡuri,ʃloaɡurj,ʃloaɡuri,UNKNOWN,
șluc,șlucuri,c,uri,ʃlukuri,ʃlukurj,ʃlukuri,UNKNOWN,
șobolănoaică,șobolănoaice,c,e,ʃobolənoajKe,ʃobolənoajt͡ʃe,ʃobolənoait͡ʃe,IPA_SEGMENT_MISMATCH,
șofereasă,șoferese,s,e,ʃoferease,ʃoferease,ʃoferese,IPA_SEGMENT_MISMATCH,
șoimoaică,șoimoaice,c,e,ʃoimoajKe,ʃoimoajt͡ʃe,ʃoimoait͡ʃe,IPA_SEGMENT_MISMATCH,
șopârloaică,șopârloaice,c,e,ʃopɨrloajKe,ʃopɨrloajt͡ʃe,ʃopɨrloait͡ʃe,IPA_SEGMENT_MISMATCH,
șoriceasă,șoricese,s,e,ʃorit͡ʃase,ʃorit͡ʃase,ʃorit͡ʃese,IPA_SEGMENT_MISMATCH,
șpangă,șpăngi,g,i,ʃpanGi,ʃpand͡ʒj,ʃpənd͡ʒi,IPA_SEGMENT_MISMATCH,
ștachetă,ștachete,t,e,ʃtakete,ʃtakete,ʃtakete,UNKNOWN,
ștafetă,ștafete,t,e,ʃtafete,ʃtafete,ʃtafete,UNKNOWN,
ștand,ștanduri,d,uri,ʃtanduri,ʃtandurj,ʃtanduri,UNKNOWN,
ștangă,ștăngi,g,i,ʃtanGi,ʃtand͡ʒj,ʃtənd͡ʒi,IPA_SEGMENT_MISMATCH,
ștelung,ștelunguri,g,uri,ʃtelunɡuri,ʃtelunɡurj,ʃtelunɡuri,UNKNOWN,
șterc,ștercuri,c,uri,ʃterkuri,ʃterkurj,ʃterkuri,UNKNOWN,
șters,ștersuri,s,uri,ʃtersuri,ʃtersurj,ʃtersuri,UNKNOWN,
știucă,știuci,c,i,ʃtjuKi,ʃtjut͡ʃj,ʃtiut͡ʃi,IPA_SEGMENT_MISMATCH,
știulete,știuleți,t,i,ʃtjuleTi,ʃtjulet͡sj,ʃtiulet͡si,IPA_SEGMENT_MISMATCH,
ștrand,ștranduri,d,uri,ʃtranduri,ʃtrandurj,ʃtranduri,UNKNOWN,
ștras,ștrasuri,s,uri,ʃtrasuri,ʃtrasurj,ʃtrasuri,UNKNOWN,
ștreang,ștreanguri,g,uri,ʃtreanɡuri,ʃtreanɡurj,ʃtreanɡuri,UNKNOWN,
ștrengăroaică,ștrengăroaice,c,e,ʃtrenɡəroajKe,ʃtrenɡəroajt͡ʃe,ʃtrenɡəroait͡ʃe,IPA_SEGMENT_MISMATCH,
ștuc,ștucuri,c,uri,ʃtukuri,ʃtukurj,ʃtukuri,UNKNOWN,
șuiet,șuiete,t,e,ʃujete,ʃujete,ʃuiete,IPA_SEGMENT_MISMATCH,
șuncăreasă,șuncărese,s,e,ʃunkərease,ʃunkərease,ʃunkərese,IPA_SEGMENT_MISMATCH,
șurubăreasă,șurubărese,s,e,ʃurubərease,ʃurubərease,ʃurubərese,IPA_SEGMENT_MISMATCH,
șvăboaică,șvăboaice,c,e,ʃvəboajKe,ʃvəboajt͡ʃe,ʃvəboait͡ʃe,IPA_SEGMENT_MISMATCH,
șătrăreasă,șătrărese,s,e,ʃətrərease,ʃətrərease,ʃətrərese,IPA_SEGMENT_MISMATCH,
țambalagioaică,țambalagioaice,c,e,t͡sambalad͡ʒioajKe,t͡sambalad͡ʒioajt͡ʃe,t͡sambalad͡ʒioait͡ʃe,IPA_SEGMENT_MISMATCH,
țarcă,țărci,c,i,t͡sarKi,t͡sart͡ʃj,t͡sərt͡ʃi,IPA_SEGMENT_MISMATCH,
țecheruică,țecheruici,c,i,t͡sekerujKi,t͡sekerujt͡ʃj,t͡sekeruit͡ʃi,IPA_SEGMENT_MISMATCH,
țepușcă,țepuști,c,i,t͡sepuʃKi,t͡sepuʃtj,t͡sepuʃti,SHCA_CLUSTER_DATA,
țesătoreasă,țesătorese,s,e,t͡sesətorease,t͡sesətorease,t͡sesətorese,IPA_SEGMENT_MISMATCH,
țevuică,țevuici,c,i,t͡sevujKi,t͡sevujt͡ʃj,t͡sevuit͡ʃi,IPA_SEGMENT_MISMATCH,
țipăt,țipete,t,e,t͡sipəte,t͡sipəte,t͡sipete,IPA_SEGMENT_MISMATCH,
țuică,țuici,c,i,t͡sujKi,t͡sujt͡ʃj,t͡suit͡ʃi,IPA_SEGMENT_MISMATCH,
țușcă,țuști,c,i,t͡suʃKi,t͡suʃtj,t͡suʃti,SHCA_CLUSTER_DATA,
țăndurică,țăndurele,c,e,t͡sənduriKe,t͡səndurit͡ʃe,t͡səndurele,ICA_SUPPLETION,
țăndărică,țăndărele,c,e,,,t͡səndərele,ICA_SUPPLETION,
țărancă,țărănci,c,i,t͡səranKi,t͡sərant͡ʃj,t͡sərənt͡ʃi,IPA_SEGMENT_MISMATCH,
